윤석열,"['서연', '덕성', '모베이스전자', '써니전자', '안랩', '아이크래프트', '진원생명과학', '한창제지', '화천기계', '삼보산업', '모베이스', '한창', '남선알미늄', '노루페인트', '모나리자', '오공', '케이엠', '웰크론']"
방탄소년단,"['키이스트', '넷마블', '디피씨', 'SK텔레콤', '드림어스컴퍼니', '경남제약', '손오공', '남성', '소리바다', '브이티지엠피', '카카오', '한화시스템', '엘비세미콘', '초록뱀']"
여름,"['롯데하이마트', '신일전자', '마니커', '이지바이오', '쿠쿠홈시스', '위니아딤채', '파세코']"
이낙연,"['남선알미늄', '국영지앤엠', '서원', '이월드', '대성홀딩스', 'SDN', '아난티', 'KNN', '써니전자', '안랩', '티케이케미칼', '한창제지', '율호', '아세아텍', '인터엠', '국일신동', '우리들휴브레인', '주연테크', '청호컴넷', '덕신하우징', '대한해운', '한국선재', '부국철강', '특수건설', '남화토건', '중앙에너비스', '남화산업', '우원개발', '파버나인', '한류AI센터', '큐브엔터', '금호전기', 'HSD엔진', '씨젠', '부산산업', '세명전기', '이엠코리아', '선도전기', '까뮤이앤씨', '리노스', '제이엠아이', '삼일기업공사', '대신정보통신', '한국화장품', '팍스넷', '일야', '범양건영', '제주항공', '인트로메딕', '에이텍']"
애국,"['모나미', '디자인', '까스텔바작', '대상', '쌍방울', '남영비비안', '하이트진로홀딩스', 'NH투자증권', '한세엠케이', '신성통상', '후성', 'PN풍년', '미래에셋대우', '한화에어로스페이스', '대신증권', '보라티알', '램테크놀러지', '동진쎄미켐', '원익머트리얼즈', '비덴트', '한화']"
5G,"['에이스테크', '신한', '지니언스', '프로텍', '기가레인', '체시스', '클래시스', '삼성증권', '이노와이어리스', '케이엠더블유', '에프알텍', '서진시스템', '오이솔루션', '대한광통신', '위메이드', '씨에스베어링', '화진', '부광약품', '씨젠', '유비쿼스', '유안타증권', 'RFHIC', 'NHN한국사이버결제', '쏠리드', '삼성전자', '전파기지국', '매일유업', 'SK증권', '알에프텍']"
보톡스,"['제테마', '휴젤', '메디톡스', '휴온스글로벌', '대웅제약']"
코로나19,"['녹십자셀', '녹십자랩셀', '녹십자홀딩스', '녹십자', '웰크론', '부광약품', '신풍제약', '코미팜', '모나리자', '엑세스바이오', '제일바이오', '셀트리온헬스케어', '셀트리온제약', '셀트리온', '진원생명과학', '키움증권', '셀리버리', '씨젠', '수젠텍', '강원', '아이스크림에듀', '파미셀', '디알젬', '신성통상', '모나미', '남영비비안', '쌍방울', '알리코제약', 'SV인베스트먼트', '미코', 'EDGC', '동구바이오제약', '일양약품', '유나이티드', '나노캠텍', '한국알콜', '락앤락', '한송네오텍', '마크로젠', '대원제약', '넥스트BT', '메드팩토', '진매트릭스', '바이오니아', '바디텍메드', '랩지노믹스', '씨티씨바이오', '알서포트', '화일약품', '텔콘RF제약', '피씨엘', '테라젠이텍스', '엔지켐생명과학', '한프', '한국테크놀로지', '신라젠', '오공', 'KTB투자증권', '깨끗한나라', '진양제약', '국제약품', '케이엠', '백광산업', '한성기업', '동방', '진바이오텍', '대성미생물', '대상', '한국유니온제약', '에스티팜', '카카오', '에스맥', 'MH에탄올', 'GH신소재', '비씨월드제약', '비상교육', '메가엠디', '코디엠']"
제약,"['일양약품', '부광약품', '신풍제약', '화승엔터프라이즈', '까스텔바작', '태평양물산', '태웅', 'CMG제약', '동성제약', '진양제약', '셀트리온', '에이프로젠제약', '케이엠제약', '나이벡', '깨끗한나라', '국제약품', '대상']"
홍정욱,"['KNN', '고려산업', '휘닉스소재', '벽산', '디지틀조선', '한창제지', '남선알미늄', '하츠', '에이텍티앤', '에이텍', '화천기계']"
치료제,"['펩트론', '화일약품', '비씨월드제약', '이글벳', '체시스', '제일바이오', '고려제약', '파루', '부광약품', '신풍제약', '제넥신', '엔지켐생명과학', '파미셀', '제일약품', '일성신약', '씨젠', '코오롱생명과학', 'SK증권', '유틸렉스', '일양약품', '코미팜']"
황우석,"['홈캐스트', 'W홀딩컴퍼니', 'DB']"
마스크,"['수젠텍', '레몬', '케이엠', '오공', '모나리자', '깨끗한나라', '웰크론', '쌍방울', '국제약품', '한송네오텍', '파루', '에스디생명공학', '락앤락', '케이피엠테크', '한국알콜', 'MH에탄올', '나노캠텍', '씨젠', '톱텍', '한글과컴퓨터', '진원생명과학', '우정바이오', '제일바이오', '고려제약', 'SKC', '고려아연', '케이엠제약', '휴비스', '서린바이오', '조아제약', '메디앙스', '바디텍메드', '위닉스', '남성']"
부재,['금호에이치티']
게임&핀테크,['카카오']
정치인,"['남선알미늄', '한창제지', '써니전자', '안랩', '덕성', '주연테크', '수산중공업', '중앙에너비스', '우원개발', 'KNN', '벽산', '휘닉스소재', '고려산업', '아세아텍', '성문전자', '티케이케미칼', '모베이스전자', '서원']"
앞둔,"['동화약품', '삼성바이오로직스']"
원격진료,"['유비케어', '비트컴퓨터', 'JW중외제약', '테라젠이텍스', 'SK케미칼', '나노엔텍', '인피니트헬스케어', '소프트센', '녹십자홀딩스', '파마리서치프로덕트', '케어랩스', '유비쿼스']"
수소경제,"['두산퓨얼셀', '제이엔케이히터', '동아화성']"
김태년,"['대상', '이구산업', '국일신동']"
코로,"['수젠텍', '삼성전자', '오공', '강원', '셀트리온제약', '모나리자', '웰크론', '일양약품', '부광약품', '테라젠이텍스', '레몬', '한진칼', '미코', '고려개발', '코오롱', 'SK증권', '씨젠', '신풍제약', '남선알미늄', '케이엠', '우정바이오', '백광산업', '진원생명과학', '신일제약', '오상자이엘', '안트로젠', '코미팜', '파미셀', '텔콘RF제약', '진매트릭스', '비씨월드제약', 'MH에탄올', '깨끗한나라', '국제약품', '한국알콜', '창해에탄올', '앱클론', '제일약품', '뉴지랩', '대웅제약', '화일약품', '셀리버리', '셀트리온', '지노믹트리', 'EDGC', '랩지노믹스', '바이오니아', '녹십자', '동화약품', 'SK케미칼', 'GS리테일', '엔씨소프트', 'BGF리테일', '신라젠', '피씨엘', '대웅', '마크로젠', '보령제약', '체시스', '서울바이오시스', '톱텍', '메가스터디교육', '대상', '제넥신', '한양증권', '이수화학', '휴젤', '에이치엘비', '셀트리온헬스케어', '메디톡스', '우수AMS', '유니크', '뉴로스', '케이엠더블유', '원익IPS', '코디엠', '파루', '메디앙스', '녹십자엠에스', '케이엠제약', '이글벳', '제일바이오', '맥스로텍', '엘컴텍', '중앙백신', '크린앤사이언스', '씨티씨바이오']"
무늬,['승일']
이낙연-황교안,"['한창제지', '남선알미늄', '이월드', '이엑스티', '세동', '인터엠', '성문전자']"
구충제,"['신풍제약', '우성사료', '제일바이오', '진바이오텍', '화일약품', '신라젠', '코오롱티슈진', '알리코제약', '조아제약', '대성미생물', '삼성전자', 'LG전자', '국일제지']"
끝나니,"['안랩', '진양화학']"
정치,"['한창제지', '써니전자', '안랩', '체시스', '오공', '웰크론', '노루페인트', '디젠스', '위지트', '자비스', '서원', '주연테크', '한진', '다믈멀티미디어', '이월드', '장원테크', '수산중공업', '국영지앤엠', '성안', '화천기계', 'KT서브마린', '특수건설', '우원개발', '남선알미늄', '흥국화재', 'SDN', 'GS홈쇼핑', '현대홈쇼핑', '삼성전자', 'LG전자', '모헨즈', '우리들휴브레인', '우리들제약', '팍스넷']"
황교안,"['남선알미늄', '한창제지', '국일신동', '성문전자', '아세아텍', 'KNN', '흥국화재', '제이콘텐트리', '애니플러스', '티비씨', '인터엠', '우진플라임', '에이텍티앤', '에이텍', '한류AI센터', '에스모', '메탈라이프', '화신정공', '모나미', '유엔젤', '신성통상']"
유승민,"['대신정보통신', '삼일기업공사', 'DSR제강', '아세아텍', '국일신동']"
안철수,"['써니전자', '안랩', '다믈멀티미디어', '까뮤이앤씨', '한창제지', '휴맥스홀딩스', '지에스이', '서원', '남선알미늄', '에스넷']"
증시,"['아이스크림에듀', '주연테크', '써니전자', '안랩', 'SDN', '한화투자증권', '케이엠', '파버나인', '이월드', 'KT서브마린', '휴림로봇', '특수건설', '선진', '이글벳', '마니커', '우성사료', '대한제당', '크리스탈신소재', '국일제지', '엑사이엔씨', '에이디칩스', '칩스앤미디어', '삼성전자', 'SFA반도체']"
총선,"['남선알미늄', '삼성전자', '한창제지', '우리들휴브레인', '현대일렉트릭', '진양산업', '진양화학', '국제약품', '오공', '깨끗한나라', '백광산업']"
정책,"['유니크', '일지테크', '성창오토텍', '아난티', 'OCI', '고려시멘트', '삼표시멘트']"
시대,['기아자동차']
가능성,"['한국정보인증', '한국전자인증', '서원', '써니전자', '진매트릭스', '씨젠', 'EDGC', '수젠텍', '제일바이오', '한국화장품', '세화피앤씨', '토니모리', '제주반도체', '디이엔티', '고려아연']"
의료봉사,['써니전자']
남자,['고려산업']
양돈주,"['이지홀딩스', '선진', '이지바이오']"
언급,"['에이텍', '에코마이스터', '푸른기술', 'NAVER']"
자동화,"['오공', '웰크론']"
SNS,"['카카오', '인포뱅크']"
생체인식,"['젬백스링크', '젬백스', '슈프리마', '동운아나텍', '코렌', '해성옵틱스', '드림텍', '에프에스티', '퍼스텍', '드림시큐리티', '멜파스']"
낙폭,['넥스트BT']
이긴,"['한창제지', '남선알미늄']"
조국,"['화천기계', '삼보산업', '덕신하우징', '대영포장', '신송홀딩스', '서연', '한성기업', '더블유에프엠', '에이치엘비', '화천기공', '유니온머티리얼', '퍼스텍', 'LIG넥스원', '수젠텍', '씨젠', '랩지노믹스', 'EDGC', '모베이스전자', '와이지-원', '이엠코리아', '한국정밀기계', '상상인인더스트리']"
투자전략,['고려제약']
당선,['남선알미늄']
꺾인,['남선알미늄']
키오스크,"['한네트', '씨아이테크']"
대북,"['남광토건', '현대로템', '스페코', '빅텍', '일신석재', '아난티', '대아티아이', '좋은사람들', '한창', '현대엘리베이터', '제룡전기', '신원', '이화전기', '재영솔루텍', '세명전기', '삼륭물산', '웹스', '자연과환경']"
지원,"['써니전자', '안랩']"
급등주,"['씨젠', '랩지노믹스', 'YBM넷', '웰크론', '국동']"
PC,['키움증권']
허당,['승일']
홍준표,"['진양산업', '진양화학', '세우글로벌']"
몰리,"['남선알미늄', '비트컴퓨터', '고려제약', '메가엠디']"
줄기세포치료제,['파미셀']
기생충,"['바른손이앤에이', '바른손', '지엔코', '큐캐피탈', 'CJ', '신성통상', '모나미', 'KTH', '펄어비스', '디피씨', '카카오', '농심', '셀트리온헬스케어', '케이엠더블유', '호텔신라', '에이치엘비', '덱스터', '휴젤', '메디톡스', '셀트리온제약']"
희토류,"['유니온머티리얼', '혜인', '텔레필드', '상보', '노바텍', '에스모', '유니온', '티플랙스', '쎄노텍', '에코마이스터', 'LG상사', 'KC코트렐', '한국내화', 'SK증권', '알테오젠', '쌍방울', '광림', 'EG', '에스맥', '대원화성', '고려시멘트', '포스코엠텍', '태경산업']"
대선주자,['모나미']
차질,['디피씨']
진단키트,"['씨젠', '수젠텍', '피씨엘', '휴마시스', '랩지노믹스', '바이오니아', 'EDGC', '광동제약', '코미팜', '화일약품', 'LG화학', '텔콘RF제약', '바디텍메드', '비씨월드제약', '씨티씨바이오', '엑세스바이오', '신풍제약', '오상자이엘', '일양약품', '부광약품', '파미셀', '셀트리온', '셀트리온제약', '진매트릭스', '중앙백신', '진원생명과학', '녹십자엠에스', 'MH에탄올', '한국알콜', '한양증권', '인트로메딕', '미코', '셀트리온헬스케어', '조이시티', 'SV인베스트먼트', '우노앤컴퍼니', '마크로젠', '파세코']"
여행,"['노랑풍선', '하나투어', '롯데관광개발', '참좋은여행', '인터파크', '세중', '유나이티드']"
오세훈,"['진양산업', '진양화학', '진양홀딩스']"
안랩,"['써니전자', '안랩', '다믈멀티미디어', '태원물산', '오픈베이스']"
더블매치,['아프리카TV']
확산,"['알서포트', '진원생명과학', '신일제약', '진양제약', '진매트릭스', '엘컴텍', 'MH에탄올', '코디엠', '웰크론', '케이엠', '바디텍메드', '케이엠제약', '모나리자', '파루', '오공', '써니전자', '백광산업', '이글벳', '제일바이오', '승일', '서린바이오', '오성첨단소재', '팜스토리', '대성미생물', '우리손에프앤지', '하림', '마니커', '한일사료', '우진비앤지', '체시스']"
소식,"['써니전자', '남선알미늄', '티케이케미칼', '국일신동', '대영포장', '모베이스전자', '서연', 'CJ', '마니커에프앤지', '아이크래프트', '진매트릭스', '진원생명과학', '디지틀조선', '휘닉스소재', '고려산업', '진바이오텍', '이글벳', '우진비앤지', '한진칼', '대한항공', '초록뱀', '디피씨', '신풍제약', '파미셀', '다원시스', '씨젠', '빙그레', '두산중공업', '대우부품', '우리산업', '센트랄모텍', '오공', '파루', '백광산업', '웅진씽크빅', '넷마블', '웅진', '셀트리온헬스케어', '셀트리온', '국제약품', '웰크론', '제일바이오', '화승엔터프라이즈', '코스맥스', '토박스코리아', '삼성출판사', '마니커', '아시아나항공', '에어부산', '인디에프', '좋은사람들']"
무겁다,['안랩']
봉사,"['써니전자', '안랩']"
사진,"['써니전자', '안랩']"
2차전지,"['천보', '제낙스', '피엔티', '에스씨디', '파세코', 'LG화학', '에코프로비엠', '유에스티', '디에이테크놀로지', '코스모화학', 'SK이노베이션', '두산솔루스', '이노메트리', '피앤이솔루션', '아이티엠반도체', '대보마그네틱', '에이에프더블류', '서원인텍', '파워로직스', '세방전지', '에코프로', '이엔에프테크놀로지', 'SKC', '이랜텍', '포스코케미칼', '엘앤에프', '상신이디피', '한국아트라스비엑스', '삼성증권', '삼성SDI', '동화기업', '씨아이에스', '코윈테크', '신흥에스이씨', '일진머티리얼즈', '코스모신소재', '삼성물산', 'SK하이닉스', '브이원텍', '엠플러스']"
개인들,['신일전자']
수익,"['모바일어플라이언스', '셀트리온제약', '영보화학', '바이온', '에버다임', '옵티팜', '넥스트BT', '체리부로', '앤디포스', '메타바이오메드', '다산네트웍스', '이월드']"
방역진단,"['수젠텍', '랩지노믹스']"
대북정책,"['SK증권', '코오롱']"
스탁,"['삼성전자', '까뮤이앤씨']"
상승,"['강스템바이오텍', '한성기업', '삼성전자', '삼성바이오로직스', '아모그린텍', '일진머티리얼즈', '삼성SDI', '배럴']"
상승세,"['서원', '우원개발', '정산애강', '올리패스', '헬릭스미스', '신풍제약', '비씨월드제약']"
희비,['화천기계']
비료,"['KG케미칼', '카프로', '우진비앤지', '체시스', '조비', '효성오앤비']"
헬스케어,"['피엔티', '에스폴리텍', '씨아이에스', '인터로조', '진원생명과학', '메타바이오메드', '뷰웍스', '바텍', '루트로닉', '오스템임플란트', '인성정보', '디오', '비트컴퓨터', '인바디', '원익', '셀루메드', '인피니트헬스케어', '휴비츠', '유비케어', '바이오니아', '세운메디칼']"
해저터널,"['특수건설', '동아지질', '부산산업', 'KT서브마린', '세명전기']"
자동차부품,"['효성첨단소재', '재영솔루텍', '아진산업', '캐스텍코리아', '인탑스', '세원', '대원산업', '티피씨글로벌', '대동금속', '동아화성', '대동기어', '일지테크', '화천기계', '우수AMS', '유니테크노', '센트랄모텍', '현대공업', '대우부품']"
자율주행차,"['드림텍', '칩스앤미디어', '모바일어플라이언스', '팅크웨어', '라닉스', '코리아에프티', '대성엘텍', '모트렉스', '로스웰']"
키즈,"['토박스코리아', '제로투세븐', '오로라', '손오공', '삼성출판사']"
수사,"['모베이스전자', '서연']"
LCD장비,"['베셀', '피엔티', '에이아이비트', '명성티엔에스', '포인트엔지니어링', '테크윙', '참엔지니어링', '케이엔제이', '디이엔티', '제우스', '디아이티', '신성이엔지', '상아프론테크', '씨앤지하이테크']"
LED,"['유양디앤유', '유테크', '티씨케이', '루미마이크로', '엘컴텍', '아이엘사이언스', '케이엠더블유', '우리이앤엘', '금호에이치티', '에스모', '삼진엘앤디', '서울바이오시스', '큐에스아이', '삼성전자', '루멘스', '서울반도체']"
세포치료제,['녹십자랩셀']
폭염,['파세코']
NAND,"['유진테크', '심텍', '유니테스트', '디엔에프', '테스', '테크윙', '피에스케이', '원익QnC', '피에스케이홀딩스', '케이씨텍', '한솔케미칼', '솔브레인홀딩스']"
복원,"['자연과환경', '삼호개발', '우원개발', '코엔텍', '홈센타홀딩스', '코리아에스이', '웹스']"
폴더블폰,"['비에이치', 'SKC', '파인테크닉스', '세경하이테크', '파인텍', '유티아이', '테이팩스', '삼성전자', '디케이티', 'KH바텍', '인터플렉스']"
조선기자재,"['케이프', '한국정보인증', '카페24', '유니테스트', '오션브릿지', '현진소재', '인화정공', '오리엔탈정공', '삼영엠텍', '삼영이엔씨', '비엠티', '성광벤드', '한라IMS', '태웅', '중앙오션', '하이록코리아', '에스앤더블류', '케이에스피', '대창솔루션', '태광', '조광ILI', '세진중공업', 'STX중공업', '상상인인더스트리', '대양전기공업', '한국카본', 'HSD엔진']"
전력설비,"['이화전기', '대원전선', '두산중공업', '한전KPS', '현대일렉트릭', '비츠로테크', '피앤씨테크', '광명전기']"
카지노,"['GKL', '세미콘라이트', '토비스', '파라다이스', '코텍', '강원랜드']"
태블릿PC,"['알에프세미', '솔루에타', '삼성SDI', '유티아이', '미래나노텍', '유아이디', '아바텍']"
조림사업,"['자연과환경', '선창산업', '한익스프레스', '효성오앤비', '대유에이텍', '제이씨케미칼', '성창기업지주', '이건홀딩스']"
시스템반도체,"['엘비세미콘', '하나마이크론', '에이디칩스', '어보브반도체', '지니틱스', '에스앤에스텍', '피에스케이', '에이디테크놀로지', 'DB하이텍', '디아이', '라닉스', '네패스', '다믈멀티미디어', '테크윙', 'SFA반도체', '테스', '테스나', '아이에이']"
다이오드,"['베셀', '두산솔루스', '영우디에스피', '와이엠씨', '비아트론']"
AI,"['에스티큐브', '옵티팜', '일양약품', '큐브앤컴퍼니', '줌인터넷', '싸이맥스', '에이디칩스', '오픈베이스', '큐렉소', '대한뉴팜', '에이프로젠제약', '로보로보', '가온미디어', '서진시스템', '케이엠더블유', '오이솔루션', '제일바이오', 'LG', '라온피플', '네패스', '로보스타', '이오테크닉스', '셀바스AI', '휴림로봇', '엠씨넥스', '삼성SDI', 'LG이노텍', 'SK하이닉스', '고영', '모비스', 'TPC', '디지탈옵틱']"
장비,"['유진테크', '디바이스이엔지', '티씨케이', '한미반도체', 'GST', '포인트엔지니어링', '테스', '와이아이케이', '피에스케이', '디아이', '에이아이비트', '엑시콘', '에프에스티', 'SFA반도체', '유니테스트', '코미코', '에이피티씨', '인텍플러스', '오션브릿지', 'SKC', 'KMH', '예선테크', '미코', '지니틱스']"
부품/소재,"['유테크', '와이엠씨', '이엔에프테크놀로지', '에스앤에스텍', '미래나노텍', '유아이디', '에프에스티']"
대표주,"['LG디스플레이', 'SK하이닉스', 'HDC현대산업개발', 'GS건설', '대림산업', '만도', '현대건설', '삼성SDI', '한온시스템', '삼성에스디에스', '대우건설', '삼성물산', 'LG전자', '현대모비스', '현대위아', '한라홀딩스', 'NAVER', '카카오']"
CNT,"['상보', '오픈베이스', '대유플러스', '엑사이엔씨']"
회장,"['남선알미늄', '한창']"
진단시약,"['씨젠', '수젠텍', '바디텍메드', '피씨엘']"
항공기부품,"['켄코아에어로스페이스', '하이즈항공', '이엠코리아', '한화에어로스페이스']"
제대혈,"['녹십자', '강스템바이오텍', '메디포스트', '세원셀론텍', '녹십자셀', '녹십자랩셀']"
전기차,"['LG화학', '삼기오토모티브', '성문전자', '유에스티', '센트랄모텍', '우리산업', '코스모신소재', '삼성전자', '삼성전기', '삼성SDI', '우리산업홀딩스', 'DB하이텍', '유안타증권']"
농업,"['대동공업', '아세아텍', '우진비앤지', '조비', '효성오앤비', 'KPX생명과학']"
재료/부품,"['하나마이크론', '에스앤에스텍', 'ISC', '케이씨텍', '덕산테코피아', '마이크로컨텍솔', '원익QnC', '에스모', '케이엔제이', '동진쎄미켐']"
방위산업,"['한화시스템', '웰크론', 'LIG넥스원', 'STX엔진', 'DMS', '한화', '풍산', '빅텍', '퍼스텍', '삼영이엔씨', '한국항공우주', '미래아이앤지', '한화에어로스페이스', '포메탈', '스페코']"
개성공단,"['인디에프', '재영솔루텍', '신원', '좋은사람들', '현대엘리베이터']"
개발,"['일양약품', '바디텍메드', '수젠텍', '엔지켐생명과학', '카이노스메드', '앱클론', '바이오니아', '제일약품', 'EDGC', '휴마시스', '나노엔텍', '랩지노믹스', '녹십자엠에스', '레고켐바이오', '드림시큐리티', '오상자이엘', '로고스바이오', '엑세스바이오']"
장마,"['대동공업', '코엔텍', '파루', '조비']"
편의점,"['이마트', 'BGF리테일', '롯데지주', 'GS리테일']"
LCC,"['한진칼', '진에어', '제주항공', '티웨이항공', '아시아나항공', '에어부산', '티웨이홀딩스', '대한항공']"
황교안vs이낙연,"['한창제지', '국일신동', '티비씨', '남선알미늄', '남화토건']"
조선,"['대우조선해양', '현대미포조선', '삼성중공업', '한국조선해양', '동국제강']"
처리장치,"['엔케이', '이엠코리아', '한국조선해양', '윌링스', 'STX엔진']"
펜벤다졸,"['신풍제약', '조아제약', '제일바이오', '알리코제약', '명문제약', '화일약품', '진바이오텍', 'SCI평가정보']"
신공항,"['경방', '한진', '동방선기', '영화금속', '한국선재']"
NFC,"['에이텍티앤', '빅텍', '에이스테크', '파트론', '한국정보통신', '유비벨록스', '코나아이', '나이스정보통신']"
줄기세포,"['코아스템', '에이치엘비', '네이처셀', '바이온', '프로스테믹스', '동구바이오제약', '조아제약', '우리들휴브레인', '테고사이언스', '에이치엘비생명과학', '세원셀론텍', '제일약품', '부광약품', 'SK바이오랜드', 'SK']"
엔터테인먼트,"['이에스에이', '바른손', '에스엠', 'CJ', '와이지엔터테인먼트', '큐로홀딩스', '아리온', '소리바다', 'SBS콘텐츠허브', '지니뮤직', '키이스트', '팬엔터테인먼트', '초록뱀', '큐브엔터', '제이콘텐트리', '에프엔씨엔터', 'NHN벅스']"
면역항암제,"['에이비엘바이오', '녹십자랩셀', '앱클론', '크리스탈', '이수앱지스', '셀리드', '메드팩토', '티움바이오', '큐리언트', '인콘', '에스티큐브', '유틸렉스', '엔케이맥스', '한올바이오파마']"
평화공원,"['자연과환경', '코리아에스이', '웰크론', '크라운해태홀딩스', '삼륭물산', '퍼스텍']"
수혜,"['배럴', '이지홀딩스', '한성기업', '사조오양', 'CJ씨푸드', '오리온', '깨끗한나라', '신라에스지', '메디앙스', '우진비앤지', '쌍방울', '현대제철', '한탑', '풍산', '대한항공', '우성사료', '남영비비안', '코데즈컴바인', '모나미', '신성통상', '팜스토리']"
창투사,"['큐캐피탈', '컴퍼니케이', '나우IB', '대성창투', 'DSC인베스트먼트', '우리기술투자', 'TS인베스트먼트', '에이티넘인베스트', '미래에셋벤처투자', 'SV인베스트먼트']"
면역세포치료제,"['신라젠', '제넥신', '녹십자셀']"
VR,"['바른손이앤에이', '덱스터', '바른손', '위지윅스튜디오', '솔트웍스', '주연테크']"
ASF,"['고려시멘트', '신라에스지', '파루', '우진비앤지', '체시스', '제일바이오', '씨티씨바이오', '대한뉴팜', '정다운', '코미팜', '하림', '우리손에프앤지', '이지바이오', '선진', '마니커', '진바이오텍']"
테마파크,"['한국종합기술', '시공테크', '현대건설', '국보디자인', '이월드']"
치료제/분석,"['진원생명과학', '제노포커스', '아미코젠', '올리패스', '씨젠', '마크로젠', '바이오니아', '엑세스바이오', '티움바이오', '신라젠', '천랩', '신테카바이오', '우정바이오']"
U-HEALTHCARE,"['마크로젠', 'JW중외제약', '케어랩스', '비트컴퓨터', '유비케어', 'SK케미칼']"
Drone,"['피씨디렉트', '제이씨현시스템', '네온테크', '기산텔레콤', '퍼스텍', '아시아경제', '뉴로스', '한화에어로스페이스', '엠씨넥스', '한국항공우주', '해성옵틱스']"
취업,"['메가엠디', '에스코넥', 'TS인베스트먼트', '윌비스', 'DSC인베스트먼트']"
네트워크통합,"['한일네트웍스', '바른테크놀로지', '오파스넷', '인성정보', '오픈베이스', '링네트']"
건설사,"['일성건설', '까뮤이앤씨', '삼부토건']"
지진,"['한국종합기술', '유엔젤', '이엑스티', '한창']"
가스터빈,"['삼기오토모티브', '효성첨단소재', '평화홀딩스', '미코', '국일제지', '세원', '일진다이아', '동아화성', '에코바이오', '일지테크', '대원강업', '디케이락', '에스에너지']"
기수론,['KNN']
수소차,"['에스퓨얼셀', '두산퓨얼셀', '효성중공업', '우수AMS', '우리산업', '유니크', '풍국주정', '코오롱머티리얼', '현대자동차', '효성첨단소재', '이엠코리아', '미코', '제이엔케이히터', '일진다이아', 'LG화학', '삼성SDI', '세종공업', '성창오토텍', '뉴로스', '디케이락', '지엠비코리아', '평화산업', '인지컨트롤스', '모토닉', '동아화성', '삼보모터스', '에코바이오', '한온시스템', '영화테크', '동양피스톤', '글로벌에스엠', '대우부품', '유라테크']"
옥석가려라,['키움증권']
은행,"['JB금융지주', 'KG모빌리언스', '하나금융지주', '신한지주', '우리금융지주', 'KB금융', '제주은행']"
제약업체,"['대원제약', '신풍제약', '대한뉴팜', '종근당', '녹십자웰빙', '제일약품', '일양약품', '동화약품', '대웅제약', '진양제약', '국제약품', '고려제약', '셀트리온제약', '알리코제약', '코오롱생명과학', '신신제약', '유한양행']"
증권사,"['SK증권', 'DB금융투자']"
위험,"['신풍제약', '비씨월드제약']"
관련,"['금양', '케이피엠테크', '스페코', '빅텍', '디지틀조선', 'GS리테일', 'BGF리테일', 'KNN', '이지홀딩스', '테고사이언스', '한성기업', '이구산업', '바른손이앤에이', '아세아텍', '창해에탄올', 'MH에탄올', '랩지노믹스', '한국알콜', '안랩', '키이스트', '태원물산', '오픈베이스', '다믈멀티미디어', '고려제약', '휘닉스소재', '벽산', '화천기계', '오공', '케이엠', '웰크론', '수젠텍', '사조오양', '동원산업', 'CJ씨푸드', '우진']"
기대감,"['인피니트헬스케어', '인성정보', '비트컴퓨터', 'HDC현대산업개발', '금호산업', '아시아나항공', '피씨디렉트', '네온테크', '에스엠', '다날', '수젠텍', '씨젠', '디피씨', '쏠리드', '케이엠더블유', '삼성전자', '티웨이홀딩스', '동진쎄미켐']"
부품,"['이라이콤', '알에프텍', '해성옵틱스', '삼성전자', '세경하이테크', 'KH바텍', 'LG화학']"
ESS,"['상아프론테크', '피엔티', '삼화전기', '엠플러스', '에이치엘비파워', '씨아이에스', '윌링스', '삼성SDI', '신성이엔지']"
자원,['포스코엠텍']
진입,"['키이스트', '손오공', '디피씨', '넷마블', '신라젠', '필룩스', '인콘', '차바이오텍']"
이재명,"['써니전자', '안랩', '남선알미늄', '에이텍', '에이텍티앤', '화천기계']"
노인복지,"['대원제약', '인성정보', '씨유메디칼', '오스코텍', '엔지켐생명과학', '아이센스']"
이재용,"['삼성전자', '삼성물산']"
끝났,"['초록뱀', '디피씨', 'CJ씨푸드']"
금융자동화기기,"['케이씨티', '로지시스']"
스마트그리드,"['누리텔레콤', '코콤', '비츠로셀']"
테러,"['한화', '평화산업', '퍼스텍', '한일단조', '스페코', '국영지앤엠', '혜인', '솔트웍스', '에이스테크', '이엠코리아', '아이쓰리시스템', '포메탈', '한화에어로스페이스', '대우조선해양', '기산텔레콤']"
BTS,"['키이스트', '디피씨', '초록뱀', '엘비세미콘', '넷마블', '손오공', '경남제약']"
보툴리눔톡신,"['휴젤', '제테마', '대웅제약', '디에스케이', '메디톡스', '휴온스', '파마리서치프로덕트', '휴온스글로벌']"
아이폰,"['프로텍', '덕우전자', '에스맥', '덕산네오룩스', 'SK하이닉스', '넥스턴', 'LG화학', '와이엠티', '실리콘웍스', '이녹스첨단소재']"
비대면ㆍ바이오ㆍ배터리,"['LG화학', '카카오', '삼성SDI', '셀트리온', '삼성바이오로직스']"
슈퍼박테리아,"['레고켐바이오', '파루', '씨젠', '큐로컴', '인트론바이오', '크리스탈']"
메가엠디,['메가엠디']
초록뱀,"['초록뱀', '디피씨']"
분석,['올리패스']
뉴딜,"['화천기계', '유비케어', '모헨즈', '삼표시멘트', '메가엠디']"
육계,"['이지홀딩스', '마니커에프앤지', '이지바이오', '푸드나무', '하림', '체리부로', '동우팜투테이블', '팜스토리', '마니커']"
방역진단가축,"['명문제약', '진원생명과학', '남선알미늄', '흥구석유', '일진홀딩스', '중앙에너비스']"
스마트팩토리,"['카페24', 'KG모빌리언스', '라온시큐어', '소프트센', '시스웍', '이엑스티', '메가엠디', '레이언스', 'LG전자']"
온라인광고,"['퓨쳐스트림네트웍스', '지어소프트', '우리손에프앤지', '마이크로디지탈', '랩지노믹스']"
재택근무,"['인트로메딕', '알서포트', '이씨에스', '링네트']"
대란,['문배철강']
소셜네트워크서비스,"['젬백스링크', '가비아', '이루온', 'NHN벅스', '갤럭시아컴즈']"
바이오의약품,"['이수앱지스', '대웅제약', '한미약품', '알테오젠', '셀트리온']"
모더,"['파미셀', '에이비프로바이오', '진원생명과학', '뉴지랩', 'SK케미칼', '제일약품', '현대글로비스', '현대위아', '현대모비스', '한라홀딩스', '셀트리온', '씨젠', '수젠텍', '신풍제약']"
임플란트,"['오스테오닉', 'SK바이오랜드', '오스템임플란트', '나이벡', '레이', '덴티움', '바텍', '오스코텍']"
자전거,"['빅텍', '엔에스엔', '극동유화', '삼천리자전거', '로보로보']"
AR,"['팅크웨어', '아이엠', '이에스브이', '나노캠텍', '이랜텍', '드래곤플라이', '위지윅스튜디오', '하이비젼시스템', '대덕전자', '나무가', '이수페타시스', '심텍']"
수산,"['사조씨푸드', '한성기업', '사조오양', 'CJ씨푸드', '신라에스지', '사조산업', '동원수산', '사조대림']"
스마트폰,"['젬백스링크', '솔루에타', '바른손', '다산네트웍스', '골드퍼시픽', '위메이드', '키네마스터', '동운아나텍', '투비소프트', '인프라웨어', '바른손이앤에이', '이루온', '일야', '지어소프트', '조이시티', '조이맥스', '유아이디', '썸에이지', '유티아이', '한빛소프트', '드래곤플라이', '액션스퀘어', '넷게임즈', '와이제이엠게임즈', '삼성전기', '아비코전자', '세경하이테크', 'KH바텍', '비에이치']"
게임관련,"['웹젠', '미투온']"
1개,['제일약품']
문재인+이낙연,['우리들휴브레인']
진짜,['파미셀']
군함,['하이트진로홀딩스']
파트론-더블유케,"['SK', '젬백스', '젬백스링크', '파트론', '젬백스지오']"
선출,['티비씨']
석유,"['극동유화', '흥구석유', 'SH에너지화학', '중앙에너비스', '배럴', '모토닉', 'SKC', '태광산업', '한진중공업', 'GS', 'SK이노베이션', 'KPX케미칼', '에쎈테크', '대우조선해양', '현대미포조선', 'SK가스']"
국가보안법,"['유니온머티리얼', '티플랙스']"
그래핀,"['상보', '오리엔트정공', '엘엠에스', '대창', '덕산하이메탈', '국일제지', '아난티', '덕양산업', '엑사이엔씨', '크리스탈신소재', '나노', '액션스퀘어', '이트론', '인포마크', '휴젤', '럭슬']"
급등,"['휠라홀딩스', '국제약품', '오공', '깨끗한나라', '백광산업', '코스모신소재', '오상자이엘', '쏠리드', '비덴트', '옴니텔']"
커피,['한국맥널티']
들썩,"['우수AMS', '동방선기']"
오늘,"['팜스토리', '메이슨캐피탈', '하림', '마니커', '마니커에프앤지', '동우팜투테이블', '이글벳', '제일바이오', '동양철관', '아난티', '윌링스', '파루']"
쏠려,"['유신', '부산산업']"
에어컨,"['파세코', '신일전자']"
혈장치료,"['시노펙스', '한국유니온제약', '팬젠', '녹십자랩셀', '레몬', '에스맥', '삼성전자', '일신바이오', '바이오톡스텍', '필로시스헬스케어']"
급증,"['비상교육', '깨끗한나라', 'MH에탄올', '한국알콜']"
씨젠,"['씨젠', '수젠텍']"
재개,['손오공']
열풍,"['바른손이앤에이', '유엔젤']"
손소독제,"['국제약품', '깨끗한나라', '백광산업', '한국알콜', 'MH에탄올', '파루', '창해에탄올', '유안타증권']"
성사,"['한창제지', '티비씨', '남선알미늄']"
GV80,"['만도', '현대공업']"
카메라모듈/부품,"['캠시스', '덕우전자', '아이엠', '이즈미디어', '세코닉스', '파워로직스', '재영솔루텍']"
히든,"['디피씨', 'KH바텍']"
신종코로,"['창해에탄올', '코미팜', '파루', '휴비스', '모나리자', '케이엠', '한송네오텍', '웰크론', '국제약품', '바디텍메드', '오공', '코디엠', '동구바이오제약', '수젠텍', '승일', '서린바이오']"
타이어,"['골든센츄리', '동아타이어', '넥센타이어', '디티알오토모티브', '넥센', '한국테크놀로지그룹', '금호타이어']"
선언,"['대신정보통신', '안랩', '태원물산', '오픈베이스', '써니전자', '다믈멀티미디어', '휴마시스', '유니온', '유니온머티리얼', '코스모화학', '카페24']"
휴대폰부품,"['캠시스', '파인테크닉스', '세코닉스', '디에이피']"
엔젤산업,"['제로투세븐', '모나미', '메디앙스', '웅진씽크빅', '캐리소프트']"
영화,"['바른손', '쎄니트', '바른손이앤에이', '쇼박스', '세기상사', '덱스터', '롯데쇼핑']"
해체,"['에스앤더블류', '비츠로테크', '휴비스', '두산중공업', '비에이치아이', '한전기술', '한국테크놀로지', '휴림로봇']"
물류,"['W홀딩컴퍼니', 'GH신소재', '엘컴텍', '동방', '한진', '한익스프레스', '현대글로비스', '한솔로지스틱스', 'CJ대한통운', '비씨월드제약', '삼보판지', '태림포장']"
중국기업,"['골든센츄리', '로스웰', '윙입푸드', '에스앤씨엔진그룹', '컬러레이', 'GRT', '씨케이에이치', '헝셩그룹', '크리스탈신소재', '글로벌에스엠', '오가닉티코스메틱']"
출산장려정책,"['제로투세븐', '락앤락', '깨끗한나라', '메디앙스', '캐리소프트', '토박스코리아', '웅진씽크빅', '삼성출판사']"
제지,"['깨끗한나라', '한창제지', '한솔제지', '한국제지', '신풍제지', '아세아제지', '페이퍼코리아', '국일제지', '무림페이퍼', '한솔홀딩스']"
차량용블랙박스,"['모바일어플라이언스', '엠씨넥스', '제이씨현시스템', '시너지이노베이션', '앤씨앤']"
전선,"['대원전선', '가온전선', 'KBI메탈', '대한전선', 'LS', '일진전기']"
가스관사업,"['대동스틸', '이엠코리아', '동양에스텍', '부국철강']"
제습기,"['위니아딤채', '위닉스', '삼성전자', '파세코']"
오르,"['테스', '다날', '수산중공업']"
자원개발,"['넥스트BT', '엘컴텍', '엔케이물산', '대성산업', '삼성물산']"
주류업,"['창해에탄올', 'MH에탄올', '한국알콜', '진로발효', '하이트진로', '국순당', '하이트진로홀딩스', '보해양조']"
영상콘텐츠,"['바른손', '쇼박스', '바른손이앤에이', 'SBS', '이에스에이', '큐로홀딩스', '키이스트']"
전자화폐,"['다날', '세틀뱅크', 'NHN한국사이버결제', 'SBI핀테크솔루션즈', 'KG이니시스', '신세계', '한국정보통신', '카페24', '코리아센터']"
반일,['모나미']
제4이동통신,"['쏠리드', 'CS', '바른테크놀로지', '콤텍시스템']"
CAR,"['이에스브이', '만도', '유비벨록스', '엠씨넥스']"
화장품,"['넥스트BT', '오가닉티코스메틱', '슈펙스비앤피', '코썬바이오', '현대바이오', 'SK바이오랜드', '프로스테믹스', '애경산업', 'MP한강', '한국화장품', 'LG', '코스메카코리아', '아모레퍼시픽그룹', 'LG생활건강', '한국콜마', '넥스트아이']"
사물인터넷,"['이에스브이', '이그잭스', '유비쿼스', '엔텔스', '링네트', '오픈베이스', '에이디테크놀로지', '핸디소프트', '이아이디']"
LNG,"['현대미포조선', '한진중공업', '비에이치아이']"
SSD,"['심텍', 'SFA반도체', 'SGA', 'SK하이닉스', 'KMH하이텍', '네오셈', '하나마이크론']"
해운,"['KSS해운', '팬오션', '흥아해운', '대한해운', 'HMM']"
홈쇼핑,"['현대홈쇼핑', '롯데쇼핑', 'CJ', '태광산업', '엔에스쇼핑']"
밥솥,"['윌링스', '어보브반도체', 'PN풍년', '쿠쿠홀딩스']"
탄소배출권,"['에코바이오', '에코프로', '세종공업', '후성', '휴켐스', '이건산업', 'KC코트렐']"
바이러스,"['오공', '웰크론', '진양제약', '케이엠', '서린바이오', '진원생명과학', '진매트릭스', '제일바이오', '고려제약', '파루', '바이오니아']"
중소형,"['진흥기업', '까뮤이앤씨', '남화토건', '동일산업', '범양건영', '영흥', '문배철강', '동국산업', 'NI스틸', 'TCC스틸', '만호제강', '포스코', '삼현철강']"
MVNO,['아이즈비전']
우한폐렴,"['체시스', '엑세스바이오', '웰크론', '국제약품', '케이엠', '케이엠제약', '모나리자', '오공', '아모레퍼시픽', '신세계', '호텔신라', 'LG생활건강', '우정바이오']"
부품주,"['대덕전자', '모베이스', '아모그린텍', '아이엠', '코리아써키트', '시노펙스', '한솔테크닉스', '세코닉스', '멜파스', '모다이노칩', '엘비세미콘', 'LG이노텍', '실리콘웍스', '와이제이엠게임즈', '유아이디', '알에프텍', '서원인텍', '켐트로닉스', '블루콤', 'LG디스플레이', '파워로직스', '네패스', 'SK하이닉스', '삼성SDI', '이라이콤']"
호재,"['우수AMS', '두산인프라코어', '바른손이앤에이']"
폐기물처리,"['코엔텍', '와이엔텍', '제넨바이오', '에코마이스터', '인선이엔티']"
신규상장,"['컴퍼니케이', '수젠텍', '에코프로비엠', '센트랄모텍', '까스텔바작', '이노테라피', '압타바이오']"
비철금속,"['국일신동', '대유플러스', '코센', '남선알미늄', '서원', '이구산업']"
블록체인,"['케이사인', '주연테크', '팍스넷', '드림시큐리티', '라온시큐어', '데일리블록체인', '글로스퍼랩스']"
도시가스,"['예스코홀딩스', '삼천리', '지에스이', '대성에너지', '한국가스공사', '대성홀딩스']"
캐릭터상품,"['캐리소프트', '오로라', '쌍방울', '데브시스터즈']"
음식료업종,"['네이처셀', '마니커에프앤지', '신송홀딩스', '미래생명자원']"
보안주,['뉴지랩']
이엠코리아,['이엠코리아']
재난/안전,['한창']
비트코인,"['위지트', '우리기술투자', '팍스넷', 'SGA솔루션즈', '라이브플렉스', 'NAVER', '카카오', '제이씨현시스템', '일양약품']"
올라,"['모두투어리츠', '원익머트리얼즈', '삼익악기', '테라셈', '보성파워텍', '일진다이아', '앤디포스', '씨큐브', '코이즈', '광림', '바이온', '세화피앤씨', '에코프로비엠', '에스폴리텍', '윈하이텍', '제이엘케이', '아이에이네트웍스', '일진디스플', '코스메카코리아', '자화전자', '써니전자', '아이티엠반도체', '엔지켐생명과학', '심텍홀딩스', '풀무원', '메타바이오메드', '러셀', '넥스트BT', '옵티팜', '하이텍팜', '신일제약', '셀트리온제약', '천보', '엠플러스', '메디톡스', '대원', '미래나노텍', '나이벡', '아난티', '에코프로', '스타플렉스', '바이오톡스텍', '부스타', '엔에스', '케이디켐', '영보화학', '네패스', '유유제약', '디에이치피코리아']"
음성인식,"['코콤', '코아시아', '블루콤', '코맥스', '파인디지털']"
핵융합에너지,"['비츠로테크', '에스에프에이', '두산중공업', '다원시스', '모비스']"
CCTV,['코콤']
LED장비,"['티씨케이', '프로텍', '미래컴퍼니', '한미반도체', '티에스이', '기가레인', '이오테크닉스', '네온테크', '아시아경제']"
백신,"['신풍제약', 'SK케미칼', '바디텍메드', '오공', '부광약품', '랩지노믹스', '바이오니아', '수젠텍', '씨젠', '파미셀', '피씨엘', '일양약품', '코미팜', '중앙백신', '제일바이오', '씨티씨바이오', '우진비앤지', '모나리자', '웰크론', '체시스', '파루', '진매트릭스', '진원생명과학']"
김병준,['위지트']
손해보험,"['흥국화재', 'DB손해보험', '메리츠화재', '코리안리', '현대해상']"
전자파,"['제너셈', '한미반도체', '프로텍', '켐트로닉스', '상신전자']"
바이오,"['이지바이오', '제일바이오', '오스테오닉', '셀트리온제약', '알테오젠', '젬백스링크', '녹십자랩셀', '레고켐바이오', '헬릭스미스', '신라젠', '키움증권']"
리츠,['모두투어리츠']
온실가스,['에코프로']
무선충전기술,"['켐트로닉스', '삼성전기', 'LG이노텍', '삼성전자', '한솔테크닉스', '이랜텍', '알에프텍']"
통신장비,"['인포마크', '알엔투테크놀로지', '머큐리', '전파기지국', '케이엠더블유', '핸디소프트', '스카이문스테크놀로지', 'CS', '오이솔루션', '루멘스', '이노와이어리스', '에이스테크', '메탈라이프', 'RFHIC', '파이오링크', '다산네트웍스']"
광고,"['지투알', '지어소프트', '케어랩스', '에코마케팅']"
FinTech,"['NAVER', '카카오', '세틀뱅크', '웹케시', '한국정보통신', '라온시큐어', '한국정보인증', '아톤', 'SGA솔루션즈', 'SK']"
우주항공산업,"['한화', '대한항공', '한화에어로스페이스', '퍼스텍', '한양디지텍']"
치매,"['젬백스', '화일약품', '진양제약', '수젠텍', '고려제약', '모나리자', '에이비엘바이오', '씨티씨바이오', '엔에스엔']"
FPCB,"['타이거일렉', '필옵틱스', '삼성전기', '아모그린텍', '슈펙스비앤피', '시노펙스', '스타모빌리티', '자비스', '코리아써키트']"
디피씨,"['키이스트', '디피씨', '넷마블']"
거래가,['코스모신소재']
MRO,"['이크레더블', '이상네트웍스']"
폐렴,"['체시스', '진양제약', '바디텍메드', '대상', '삼성전자', '동진쎄미켐', '로체시스템즈', '우정바이오', '국제약품', '일신바이오', '모나리자', '서린바이오', '진원생명과학', '이글벳', '고려제약', '파루', '진매트릭스', '삼성바이오로직스', '웰크론', '강원']"
스마트폰/태블릿PC,"['일진디스플', '베셀', '에스맥', '파인텍', '유아이디', '이미지스', '미래나노텍']"
풍력에너지,"['씨에스윈드', '스페코', '현진소재', '우림기계', '씨에스베어링', '두산중공업', '유니슨', '한일단조', '태웅', '한국조선해양', '삼강엠앤티', '케이피에프']"
GTX,['현대건설']
소매유통,"['신세계', '다나와', 'BGF리테일', '롯데쇼핑', 'CJ']"
전지,"['모베이스전자', '서연', '더블유에프엠', '삼성전자', '에코프로비엠', 'LG화학', '센트랄모텍', '삼성SDI', '포스코케미칼', '아이티엠반도체', '유안타증권']"
코로나바이러스,['웰크론']
음압병동,['GH신소재']
제조,"['대림제지', '태림포장', '아세아제지', '영풍제지', '신대양제지', '삼보판지']"
황사/미세먼지,"['국제약품', '웰크론', '오공', '케이엠', '모나리자', '휴비츠', '한국테크놀로지', '삼일제약']"
디스플레,"['SKC', '필옵틱스', '경인양행', '코세스', '유티아이', 'SK머티리얼즈', '루멘스', '파인텍', '덕산하이메탈', '일진디스플', '동진쎄미켐', 'LG디스플레이', '톱텍', '아이컴포넌트', 'DMS', '상보', '에스에프에이', 'PI첨단소재', '덕산네오룩스']"
공기청정기,"['카스', '크린앤사이언스', '위니아딤채', '삼성전자', '웰크론']"
페인트,"['노루홀딩스', 'AK홀딩스']"
광물자원개발,"['삼영엠텍', '상보', '엘컴텍', 'SH에너지화학', '한국주강', '아진산업', '티플랙스', '한국내화', '포스코엠텍']"
의료기기,"['멕아이씨에스', '바디텍메드', '수젠텍', '한국비엔씨', '에이치엘비파워', '인트로메딕', '아이쓰리시스템', '코디엠', '인터로조', '바텍']"
생명보험,"['미래에셋생명', '삼성생명', '동양생명', '코리안리', '한화생명']"
프린터,"['맥스로텍', '한국테크놀로지', '휴림로봇', '하이비젼시스템', 'TPC']"
음원/음반,"['와이지엔터테인먼트', '소리바다']"
백화점,"['대구백화점', '베뉴지', '롯데쇼핑', '신세계', '현대백화점', '광주신세계', 'CJ']"
화학섬유,"['코오롱머티리얼', '성안', '티케이케미칼', '대한화섬', '효성티앤씨']"
CCTV＆DVR,"['아이디스', '앤씨앤', '데일리블록체인', '테라셈', 'ITX엠투엠', '인콘']"
REITs,"['에이리츠', '롯데리츠', 'NH프라임리츠', '신한알파리츠', '이리츠코크렙']"
증권,"['한양증권', '부국증권', '유안타증권', '코리아에셋투자증권', '상상인증권', '미래에셋대우', '메리츠증권']"
사료,"['씨티씨바이오', '우진비앤지', '미래생명자원', '대한제당', '케이씨피드', '현대사료', '사조동아원', '한일사료', '고려산업', '이지바이오', '팜스토리', '팜스코', '한탑']"
오공,"['오공', '모나리자', '케이엠', '웰크론']"
물리,"['슈프리마', '데일리블록체인', '뉴지랩', '아이디스']"
방송/신문,"['제이콘텐트리', 'SBS', '티비씨', 'iMBC', '아시아경제', 'KNN', '한국경제TV', '디지틀조선']"
전기자전거,"['삼성SDI', '만도', '파워로직스', '알톤스포츠', '삼천리자전거']"
교육,"['메가엠디', '이퓨쳐', '웅진씽크빅', '삼성출판사', '멀티캠퍼스', 'NE능률', 'YBM넷', '청담러닝', '정상제이엘에스', '메가스터디', '예림당', '코너스톤네트웍스', '대교', '비상교육', '더블유에프엠', '아이스크림에듀', '판타지오']"
SO/MSO,"['현대홈쇼핑', '현대에이치씨엔', 'KMH', '태광산업', '남화토건']"
공작기계,"['맥스로텍', 'GV', '화천기계', '넥스턴']"
액화석유가스,"['SK이노베이션', '흥구석유', '극동유화', '중앙에너비스', 'S-Oil']"
면세점,"['호텔신라', '하나투어', '신세계', '토니모리', '글로벌텍스프리']"
석유화학,"['SKC', 'LG화학', '태광산업', '효성화학', '동성화학', '롯데케미칼', 'SK이노베이션', '흥구석유']"
수소,"['뉴로스', '제이엔케이히터', '에스퓨얼셀', '풍국주정']"
관련주,"['메디앙스', '진양제약', '모나리자', '하이트진로', '고려제약', 'SK하이닉스', '리메드', '그리티', '대웅제약', '에스맥', '좋은사람들', '태영건설', '와이엠티', '엔에스엔', '한솔테크닉스', '솔고바이오', '보해양조', '유신', '고려아연', '넥스턴', '정산애강', '피앤이솔루션', '세방전지', '에코프로', '이랜텍', '이엔에프테크놀로지', 'SKC', '한국아트라스비엑스', '파워로직스', '상신이디피', '엘앤에프', '포스코케미칼', '이글벳', '유니슨', '퍼스텍', '이지홀딩스', '빅텍', '신성통상', '에스에프씨', '현대모비스', '한컴위드', '팜스토리', '동방', '고려산업', 'KG모빌리언스', '삼천리자전거', '한라홀딩스', '한익스프레스', '현대글로비스', '인디에프', '일진전기', '파트론', 'KG케미칼', '알톤스포츠', '가온전선', '팅크웨어', '유비벨록스', '한화', '이녹스', '에스엔유', '이건산업', '동원수산', '한일사료', '현대위아', '시큐브', '태웅', '한국정보통신', '사조대림', 'YBM넷', '비상교육', '지어소프트', '팜스코', 'KG이니시스', '한국알콜', '롯데쇼핑', '파수', '데브시스터즈', '다날', 'NHN한국사이버결제', '에이프로젠제약', '제넥신', '이수앱지스', '풍산', '신세계', '조비', 'CJ씨푸드', 'LG유플러스', '한화생명', '한진', '페이퍼코리아', 'NE능률', '강원랜드', '깨끗한나라', '엘컴텍', '우진', '한국제지', '사조동아원', '메가스터디', '파라다이스', '세중', '금호전기', 'MH에탄올', '이루온', '동양생명', '한국조선해양', 'LG이노텍', '에스에너지', '한화손해보험', '이지바이오', '비에이치', '참좋은여행', 'SGA', '한섬', '한양디지텍', '삼성SDI', '루멘스', 'OCI', '한국항공우주', '금호타이어', '웹젠', '국일제지', '나이스정보통신', '한솔홀딩스', '예림당', '풍국주정', '흥국화재', '엔텔스', 'CJ대한통운', '롯데손해보험', 'DB손해보험', '현대해상', '후성', '무학', 'GV', '케이씨피드', '엘디티', '디오', '코텍', '디티알오토모티브', '베뉴지', '한국테크놀로지그룹', '비엠티', '뉴프렉스', '대한전선', '아세아제지', '동원산업', '성보화학', '현진소재', '한일단조', '에너토크', '사조오양', '토비스', '진원생명과학', '무림페이퍼', '수젠텍', '화일약품', '웅진씽크빅', '쌍방울', '아가방컴퍼니', '보라티알', '유유제약', 'LG화학', '프로텍', '인터플렉스', '덕산네오룩스', '하이트진로홀딩스', '대우건설', '자연과환경', '삼성전기', 'SK케미칼', '피씨엘', '씨티씨바이오', '크라운해태홀딩스', '배럴', '젬백스', '하이비젼시스템', '메디프론', '시노펙스', '동구바이오제약', '슈피겐코리아', '삼성전자', '리드코프', '뉴보텍', '뉴로스', '덕우전자', '해태제과식품', '실리콘웍스', '현대약품', '남영비비안', '에이비엘바이오', '한올바이오파마', '한미약품', '셀트리온', 'LG전자', '하이스틸', '하나투어', '조이맥스', '신풍제지', '인성정보', '네오위즈', '아이큐어', '영풍', '앤디포스', '바이오스마트', '보령제약', '이녹스첨단소재', '모나미', '우리기술', '종근당', '펩트론', '유한양행', '엔바이오니아', '동양철관', '일진홀딩스', '일진디스플', '대성미생물', '하림', '마니커', '제일바이오', '우진비앤지', '대원전선', '웅진', '경농', '더블유에프엠', '라온시큐어', '디에이피', '엠게임']"
스마트공장,"['맥스로텍', '비엠티', '삼익THK', '스맥', '코윈테크', '링크제니시스']"
게임,"['위메이드', 'SNK', '플레이위드', '지어소프트', '엔씨소프트', '넥슨지티', '옴니텔', '액토즈소프트', '네오위즈', '데브시스터즈', '이에스에이', '컴투스', '한빛소프트', '조이시티', '게임빌', '바른손이앤에이', '엠게임', '와이제이엠게임즈', '골프존', '드래곤플라이', '웹젠', '조이맥스', '엔텔스']"
pipe,"['코센', '유에스티', '세아제강', '삼강엠앤티', '동양철관']"
건설기계,"['삼원테크', '프리엠스', '동일금속', '서연탑메탈', '수산중공업', '두산인프라코어', '대창단조', '디와이파워', '진성티이씨', '두산밥캣']"
컴퓨팅,"['인프라웨어', 'SGA솔루션즈', '엑셈', '엔텔스', '안랩', '퓨전', '젬백스링크']"
이동통신,"['전파기지국', '유비쿼스', '피피아이', '에이스테크', '쏠리드', '서진시스템', '이수페타시스', '이노와이어리스', '웨이브일렉트로']"
없다”,['덕성']
시스템통합,"['아이크래프트', '데이타솔루션', '정원엔시스']"
겨울,['녹십자']
개선,"['엔바이오니아', '뉴보텍', '태영건설', '자연과환경', '웰크론한텍', '뉴로스', '코오롱생명과학']"
불매운동,"['깨끗한나라', '메디앙스', '모나리자', '크라운해태홀딩스', '배럴', '보해양조', '모나미', '삼성전자', '신성통상', 'PN풍년', '부방']"
반복된,"['강원', '케이엠']"
국산화,"['후성', '일지테크', '켐트로스', '램테크놀러지', '동진쎄미켐', '쎄미시스코', '경인양행', '에스앤에스텍', '삼륭물산', '케이피엠테크', '디이엔티', 'SK머티리얼즈', '이녹스첨단소재', '송원산업']"
KIOSK,"['케이씨에스', '윈스', 'SGA솔루션즈', '한네트', '푸른기술', '케이씨티', '비티원']"
적층세라믹콘덴서,"['아모텍', '코스모신소재', '대주전자재료', '네온테크', '삼성전기']"
콘크리트,"['보광산업', '엔피케이', 'SG']"
SPAC,['소프트캠프']
삼성페,"['이그잭스', '한국정보통신', '한솔테크닉스']"
지주사,['서연']
상한,"['신풍제약', '화일약품', '크리스탈신소재', '국일제지', '엑사이엔씨']"
화폐/금융자동화기기,"['로지시스', '한네트', '청호컴넷', '풍산', '푸른기술', '한국전자금융', '케이씨티']"
관심,"['KNN', '남선알미늄']"
유시민,"['풍강', '한창제지', '보해양조', '남선알미늄']"
급락,"['아모그린텍', 'LG화학', '삼성SDI', '엠플러스', '심텍', '엔에스', '세화피앤씨', '러셀', '코스모신소재', '아이에이네트웍스', '코스메카코리아', '스타플렉스', '두산중공업', '비덴트']"
이낙연‧황교안,"['서원', '한창제지']"
손소독제ㆍ온라인교육,"['MH에탄올', '한국알콜', '창해에탄올']"
사업,"['서연', '화천기계', '윌비스']"
윤석열‧이낙연,['남선알미늄']
주식시장,['한창제지']
치료,"['덕성', '에스맥', '레몬', '에이프로젠제약', '진원생명과학', '제일바이오', '유안타증권', '세경하이테크']"
인연,['한창제지']
웰스바이오,"['피씨엘', '랩지노믹스', '씨젠']"
한창제지-아세아텍,"['한창제지', '아세아텍', '티비씨']"
자동차,['삼화전기']
HOT한,"['덕성', '모베이스전자', '서원']"
반도체,"['텔레칩스', '고려시멘트', '삼성전자', '유니테스트', 'SK하이닉스', 'SK', '네패스', '한화시스템', 'DB하이텍', '테스', '셀트리온헬스케어', '원익IPS', '케이씨텍', '동진쎄미켐', '후성', '램테크놀러지']"
복귀,"['남선알미늄', '누리텔레콤', '써니전자', '안랩']"
수상한,"['써니전자', '태원물산', '오픈베이스', '안랩', '다믈멀티미디어']"
안희정,"['이원컴포텍', '남영비비안', '대양금속']"
시멘트/레미콘,"['보광산업', '한일현대시멘트', '부산산업', '쎄니트', '서산', 'SG']"
남북경협,"['한창', '남화토건', '좋은사람들', '경농', '재영솔루텍', '일신석재', '제이에스티나', '현대로템']"
종합상사,"['삼성물산', '효성티앤씨', '포스코인터내셔널']"
리스크,"['극동유화', '흥구석유', 'SH에너지화학', '한샘', '케이엠더블유', '엘컴텍', '동진쎄미켐', '원익머트리얼즈']"
갈등,"['삼성전자', '신성통상', '모나미', '흥구석유']"
써니전자,"['안랩', '써니전자']"
원자력발전,"['대우건설', '에스앤더블류', '한전기술', '한전KPS', '보성파워텍', '하이록코리아', '비엠티', '비에이치아이', '우진', '일진파워', '우리기술', '에너토크', '한양이엔지']"
16분,['에코마이스터']
한마디,"['안랩', '다믈멀티미디어']"
들썩이,"['안랩', '이지바이오', '이화전기', '바른손이앤에이', '한창제지', '수산중공업']"
금강산관광,['한창']
정보,"['윈스', '코닉글로리', '에스에스알', '안랩', '한류AI센터', '퓨전', 'SGA', '파수', '민앤지', '한국전자인증', '드림시큐리티', '지란지교시큐리티', '시큐브', '휴네시온', '라온시큐어', '이글루시큐리티', '이니텍', 'SGA솔루션즈', '아톤', '한컴위드', '케이사인', '가비아']"
전파기지국,['대호에이엘']
12분,['전파기지국']
수혜주,"['삼익THK', '제일바이오', '신풍제약', '알리코제약', '아진엑스텍', '로보로보', '손오공', 'PN풍년', '신성통상', '하이트진로홀딩스', '모나미', 'LS네트웍스', '삼익악기']"
태양광에너지,"['윌링스', '혜인', '티씨케이', '유니테스트', 'OCI', '한화솔루션', '이건홀딩스', '아바코', '신성이엔지', '대성파인텍', '현대에너지솔루션']"
특정인물,['청호컴넷']
주요종목,"['현대제철', '고려제강', '세아베스틸', '동국제강', '포스코강판']"
추미애,"['모헨즈', '우리들휴브레인', '제룡전기', '우리들제약', '제룡산업']"
리모델링/인테리어,"['아이에스동서', '희림', '현대리바트', '동화기업', '에넥스', '이건산업', '삼목에스폼', '케이씨씨글라스']"
겨울관련주,"['지에스이', '대성에너지', '대성홀딩스', '유한양행']"
동아지질,['현대로템']
종합물류관련주,"['한솔로지스틱스', '한진']"
광역급행철,"['현대로템', '대아티아이']"
27분,"['현대로템', '정산애강', '고려아연']"
정세균,"['수산중공업', '알루코', '케이탑리츠', '대한약품', 'AP위성', '에스모', '남선알미늄']"
Gas,"['SH에너지화학', '두산중공업']"
사퇴,"['중앙에너비스', '남선알미늄', '삼보산업']"
웅진,"['써니전자', '안랩', '한진']"
액화천연가스,"['엔케이', '이더블유케이', 'HSD엔진', '팬오션', '대창솔루션', '한진중공업', '대한해운', '삼강엠앤티', '비에이치아이']"
전총리,"['하나마이크론', '일진머티리얼즈']"
인터넷은행,"['엑셈', '드림시큐리티', 'NICE평가정보', 'KG모빌리언스', 'GS리테일', 'KG이니시스', '비케이탑스', '미래테크놀로지', '이글루시큐리티']"
케이씨피드,['남선알미늄']
유신,"['우원개발', '유신']"
정계복귀,['중앙에너비스']
선언하자,"['태원물산', '오픈베이스', '써니전자', '다믈멀티미디어']"
中폐렴,"['국제약품', '화천기계', '남영비비안', '모나리자']"
“이낙연,['남선알미늄']
초읽기,"['써니전자', '안랩']"
정세균‧이낙연,"['서원', '수산중공업']"
최고가경신,['삼성SDI']
경신,"['화신정공', '엘비세미콘', '손오공', '초록뱀']"
주가폭등,['키이스트']
일제히,['한진칼']
낸드,"['유진테크', '유니테스트']"
쓸어,['글로벌텍스프리']
종목,"['흥구석유', 'SH에너지화학', '위닉스']"
확대,"['전파기지국', '콤텍시스템', '에프알텍']"
사용,"['한창제지', '한국팩키지', '삼륭물산', '현대자동차']"
발병소식,['씨티씨바이오']
방한,"['한국화장품', '토니모리']"
17분,['유신']
지명,"['수산중공업', '알루코']"
총리,"['남선알미늄', '국영지앤엠', '남화산업', '이월드', '알루코', '수산중공업', '한창']"
李총리,['주연테크']
14분,['대아티아이']
여름관련주,['보해양조']
이낙연ㆍ박원순,"['주연테크', '중앙에너비스']"
대망론,['서원']
배출권,"['이건산업', '휴켐스', '후성', '에코프로', '유니슨', '한솔홈데코']"
비보존,"['에스맥', '루미마이크로', '에스텍파마', '텔콘RF제약']"
IT대표주,"['SK하이닉스', 'LG전자', '삼성전자', 'LG디스플레이', '삼성SDI']"
PCB생산,"['비에이치', '디에이피', '인터플렉스', '이녹스', '이수페타시스', '슈펙스비앤피', '삼성전기', 'LG이노텍', '에이엔피', '액트', '코리아써키트', '뉴프렉스', '대덕전자']"
LED산업,"['금호전기', '루미마이크로', 'LG이노텍', '일진디스플', '엘디티', '서울반도체', 'GV', '루멘스', '삼성전기', '빛샘전자', '파커스']"
수산주,"['사조대림', 'CJ씨푸드', '동원수산', '동원산업', '신라교역', '사조오양', '사조산업']"
문재인,"['우리들제약', '서희건설']"
주류,"['한국알콜', '하이트진로', 'MH에탄올', '풍국주정', '진로발효', '국순당', '무학', '하이트진로홀딩스', '보해양조']"
정보보안,"['윈스', '안랩', '이스트소프트', '시큐브', '라온시큐어', '엑셈', '이니텍', '한컴위드', '이글루시큐리티', 'SGA']"
바이오시밀러,"['에이프로젠제약', '한올바이오파마', '제넥신', '이수앱지스', '큐브앤컴퍼니', '한미약품', '셀트리온']"
보험,"['DB손해보험', '흥국화재', '한화생명', '현대해상', '한화손해보험', '동양생명', '롯데손해보험', '메리츠화재', '코리안리', '삼성생명']"
농업주,"['조비', '경농', 'KG케미칼', '효성오앤비', '한탑', '성보화학', '대동공업', '이지바이오', '농우바이오', '동방아그로', '아세아텍', '남해화학']"
LBS관련주,"['한양디지텍', '파트론', '팅크웨어', '아이오케이', '이루온', '지어소프트', '녹원씨엔아이']"
지주회사,"['LG', '한국금융지주', 'CJ', 'STX', '일진홀딩스', '하나금융지주', '동양', '한화', '삼양홀딩스', '대성홀딩스', '코오롱', 'KB금융', '두산', '웅진', '유수홀딩스', '농심홀딩스', 'LS', '신한지주', 'GS', '세아홀딩스']"
패션/의류,['코웰패션']
유력설,['수산중공업']
여행/관광,"['롯데관광개발', '세중', '하나투어', '대한항공', '아시아나항공', '파라다이스', '모두투어', '레드캡투어', '호텔신라', '롯데쇼핑', '강원랜드', 'GKL']"
태양광,"['한국테크놀로지', 'SDN', '오성첨단소재', '신성이엔지', '에스엔유', '에스에너지', 'OCI', '주성엔지니어링', '한국철강', '티씨케이', '보락']"
패션,"['지엔코', '신세계인터내셔날', '한섬', '신성통상', '대현', '영원무역', '메타랩스', '진도', '코데즈컴바인', '한세실업', 'LF', '인디에프', '한세엠케이', 'SG세계물산', '신원']"
골드선물,['고려아연']
24분,"['고려아연', '정산애강']"
28분,"['정산애강', '고려아연']"
23분,"['정산애강', '고려아연']"
주목할,"['LG화학', '삼성SDI', '서진시스템', 'SK이노베이션']"
묻지마,['SK바이오랜드']
SM,"['남선알미늄', '티케이케미칼', '에스엠']"
이총리,"['남선알미늄', '티케이케미칼']"
36분,"['정산애강', '고려아연']"
출마설,"['바른테크놀로지', 'KNN']"
연말,"['이녹스첨단소재', '삼성전기', '호텔신라', '대한항공', 'SK', '현대글로비스', 'LG생활건강']"
키워드,"['남선알미늄', '국일제지']"
급상승,"['카카오', '아모그린텍', '일진머티리얼즈', '삼성SDI', '세경하이테크', '삼성출판사', '비에이치', '체시스', '진바이오텍', '씨티씨바이오', '우진비앤지']"
35분,['정산애강']
인기,"['카카오', '토박스코리아', '세경하이테크', '삼성출판사', '비에이치']"
국일제지↑ㆍ이낙연,"['남선알미늄', '국일제지']"
항공,"['남화토건', '아시아나항공']"
새로운,"['아이큐어', '셀트리온']"
가시화,['이월드']
흑사병,"['우정바이오', '이글벳', '보령제약', '삼성제약', '신풍제약', '국제약품', '웰크론', '종근당바이오', '인트론바이오', '삼성바이오로직스']"
1위,"['카카오', '휴림로봇', '토박스코리아', '세경하이테크', '삼성출판사', '비에이치']"
기대,"['서원', '빅텍', 'SK', '피씨디렉트', '네온테크', '제이씨현시스템', '인피니트헬스케어', '다우기술', '유비케어', '더존비즈온', '케이엠', '모나리자', '웰크론', '바이넥스', 'KH바텍', '세경하이테크', '서진시스템', 'SK하이닉스', '아시아나IDT', '아시아나항공', '스튜디오드래곤', '삼성전자']"
26분,"['정산애강', '고려아연']"
13시,"['정산애강', '고려아연']"
견인중,"['고려아연', '정산애강']"
찾아가,"['모나미', '롯데지주']"
탄력,"['깨끗한나라', '국일제지', '아세아제지']"
유망,"['현대백화점', '삼성증권']"
국내,"['헝셩그룹', '우리기술투자', '신일제약', '두산퓨얼셀', '파미셀', '포스코케미칼', '신흥에스이씨', '일진머티리얼즈', '신테카바이오', '센트랄모텍', '국제약품', '웰크론']"
주장,['제일바이오']
기자수첩,['화천기계']
34분,['정산애강']
띄우기,['아난티']
연관,"['제일바이오', '신한']"
조국ㆍ윤석열,"['화천기계', '삼보산업']"
32분,['고려아연']
09시,"['고려아연', '정산애강']"
미세먼지,"['웰크론', '위닉스', '유안타증권', 'KC코트렐', '오공', '케이엠', '에스앤씨엔진그룹', '한국콜마', '명성티엔에스', '테라젠이텍스', '하츠']"
웰크론,['웰크론']
미래차,"['테라셈', '베셀']"
엇갈린,['화천기계']
조국-윤석열,"['화천기계', '삼보산업']"
삼보산업,"['화천기계', '삼보산업']"
일축,"['안랩', '써니전자']"
돼지열병,"['이글벳', '마니커', '이지바이오', '세하', '유테크', '하림', '체시스', '더블유에프엠', '씨티씨바이오', '우진비앤지', '제일바이오', '우리손에프앤지', '마니커에프앤지', '신라에스지', '삼성전자', '윙입푸드', '하림지주', '대한제당', '진바이오텍', '태경산업', '팜스토리']"
대선,"['남선알미늄', '이월드', '화천기계', '써니전자', '디지틀조선', 'KNN', '고려산업']"
장관,"['삼보산업', '화천기계']"
지분털기,"['이지바이오', '마니커']"
달군,['카카오']
경협,"['한창', '아난티']"
닭고기,"['하림', '마니커에프앤지', '마니커', '강원', '전방', '미래생명자원', '우성사료', '한일사료', '현대사료', '체리부로']"
주요,['삼성증권']
4대강,['이화공영']
움직임,"['써니전자', '안랩', 'KNN', '한창산업']"
MB,['이화공영']
KNN,"['벽산', '휘닉스소재', 'KNN']"
북한,"['푸른기술', '부산산업', '에코마이스터', '유신', '한창', '아난티', '일신석재']"
윌비스,"['이스트소프트', '윌비스']"
육류,['하림']
적발,"['디지틀조선', '고려산업']"
최대주주,['이글벳']
대주주,['이글벳']
대정부질문,['남선알미늄']
33분,['정산애강']
복귀설,['KNN']
임명,['더블유에프엠']
이상한,['화천기계']
아프리카돼지열병,"['체시스', '이글벳', '진바이오텍', '하림', '우진비앤지', '씨티씨바이오', '제일바이오', '대성미생물', '우성사료', '마니커', '대신증권', 'NH투자증권', '정다운', '마니커에프앤지', '중앙백신', '신라에스지', '우리손에프앤지']"
제안,"['대창스틸', '삼륭물산', '자연과환경', '코아스']"
홍정욱-안철수,"['삼보산업', '화천기계', '한창산업', '남선알미늄', 'KNN']"
유엔연설,"['이화공영', '대창스틸', '자연과환경', '코아스']"
정계복귀설,['KNN']
안철수-홍정욱,"['디지틀조선', '한창산업', 'KNN', '고려산업']"
바이오ㆍ정치,['화천기계']
고려아연,['정산애강']
DMZ,"['이화공영', '대창스틸', '자연과환경', '코아스', '삼륭물산']"
확산세,"['체시스', '신라에스지', '이글벳']"
영향,['체시스']
임명재,"['화천기계', '삼보산업']"
정치관련,['화천기계']
올랐다,"['에치에프알', '케이엠더블유', 'RFHIC']"
선고,['EG']
남북,['푸른기술']
방식따라,['아시아나항공']
탄소섬유,"['모나미', '코오롱플라스틱', '대상', '신성통상', '아진산업']"
2라운드,"['모나미', '남영비비안']"
앞두고,"['화천기계', '유엔젤', '동진쎄미켐', '헬릭스미스', '남선알미늄', '아시아나항공', '애경산업', 'AK홀딩스', '제주항공', '금호산업', '에어부산']"
후보자,"['삼보산업', '화천기계']"
푸른기술,['푸른기술']
로저스,"['크리스탈신소재', '솔루에타', '국일제지', '엑사이엔씨', '상보']"
일본불매,"['신성통상', '파미셀', '셀트리온', '대웅제약']"
정산애강,['고려아연']
25분,['정산애강']
강세,"['신성통상', '모나미', '쌍방울', '삼성SDI', '부광약품', '신풍제약', '비씨월드제약']"
울상,"['동아지질', '위닉스', '남선알미늄', '성문전자']"
은선물,['고려아연']
투자,"['삼성전자', '케이엠더블유', '이노와이어리스', '오이솔루션']"
날뛰,"['화천기계', '좋은사람들']"
애국심,"['신성통상', 'PN풍년', '모나미', '하이트진로홀딩스']"
결제,['KTB투자증권']
입각설,"['화천기계', '삼보산업', '한성기업']"
전혀,['화천기계']
보안,"['DB', 'ITX엠투엠', '지란지교시큐리티', '뉴지랩']"
덱사메타손,"['신일제약', '한올바이오파마', '휴메딕스', '대원제약', '부광약품', 'JW중외제약', '신풍제약', '국제약품', '영진약품', '경동제약', '일성신약', '동구바이오제약', '대한뉴팜', '환인제약', '명문제약', '화일약품', '바이오톡스텍', '우리들휴브레인', '아이큐어', '휴마시스']"
남북철,"['푸른기술', '현대로템', '대아티아이', '빅텍', '에코마이스터', '부산산업']"
권고,"['파미셀', '알서포트', '이엠텍', 'BGF리테일']"
클로로퀸,"['일성신약', '신풍제약', '화일약품', '비씨월드제약', '크리스탈', '텔콘RF제약', 'EDGC', '씨젠', '랩지노믹스', 'WI', '진양제약']"
관련주-이노비오,"['파미셀', '진원생명과학']"
렘데시비르,"['파미셀', '뉴지랩', 'SK케미칼', '제일약품', '진원생명과학', '신풍제약', '에스티팜', '엑세스바이오', '에이프로젠제약', '바이오니아', '엔지켐생명과학', 'SK하이닉스', '부광약품', '한올바이오파마']"
첨생법,"['파미셀', '프로스테믹스', '홈캐스트', '엠젠플러스']"
이뮨메드,"['우노앤컴퍼니', 'SV인베스트먼트', '마크로젠']"
랄록시펜,"['대한뉴팜', '에이프로젠제약', '신풍제약']"
언택트,"['카카오', '비트컴퓨터', '한진중공업', '아시아나항공', '지어소프트', '유비케어', '인성정보', '인프라웨어', '라온시큐어']"
나파모스타트,"['뉴지랩', 'SK케미칼', '종근당', '제일약품', '파미셀', '명문제약', '제일파마홀딩스', '씨젠', 'YBM넷', '동화기업']"
수주,['현대건설']
가격부담,['카카오']
승인,"['종근당바이오', '뉴지랩', 'SK케미칼', '제일약품', '동성제약', '파미셀', '씨젠', '오상자이엘', 'EDGC', '조이시티', 'SV인베스트먼트', '우노앤컴퍼니', '마크로젠', '화일약품']"
메트포르민,"['대한뉴팜', '신풍제약', '대웅제약']"
아시아,"['HDC현대산업개발', '아시아나항공', 'HDC']"
상반된,"['스페코', '빅텍', '아난티']"
유통,['유나이티드']
언택트ㆍ코로,['키움증권']
도입,"['NHN한국사이버결제', '아이크래프트', 'KG모빌리언스', '풍국주정', '동아화성', '유니크', '뉴로스']"
지속,"['한화투자증권', '케이엠']"
애플,"['센트랄모텍', '아모그린텍', 'LG이노텍', '이녹스첨단소재', '삼성전기', '세경하이테크', 'KH바텍', '삼성증권']"
닭,"['하림', '마니커']"
의무화,['아이크래프트']
수소산업,['두산퓨얼셀']
드론,"['네온테크', '퍼스텍', '제이씨현시스템', '한화에어로스페이스', '엠씨넥스', '피씨디렉트', '해성옵틱스', '파트론']"
배터리,"['SK', '삼성전자', '삼성SDI']"
QR코드,['아이크래프트']
SK케미칼,"['제일약품', 'SK케미칼']"
부각,['셀트리온']
이노비오,"['진원생명과학', '파미셀']"
재생에너지,"['씨에스윈드', '현대에너지솔루션', '신성이엔지']"
매각설,"['메가스터디교육', '메가스터디', '한진칼', '대한항공']"
SK바이오팜,['SK증권']
낮춘다,"['대원제약', '국제약품', '부광약품', '신일제약']"
삼성,"['삼성전자', 'LG화학', 'LG생활건강', '국일제지', '삼성바이오로직스']"
이지바이오,['이지바이오']
찬성,['유비케어']
임박,"['대상', '제일약품', '아톤', '라온시큐어', '아시아나IDT', '아시아나항공', 'HDC현대산업개발']"
감소,['부광약품']
임상,['파미셀']
우주선,['켄코아에어로스페이스']
방산,"['한일단조', '스페코', '빅텍']"
케어랩스,"['케어랩스', '유비케어', '비트컴퓨터']"
발표,"['네온테크', '세종공업', '에코바이오', '한온시스템', '에이디칩스', '한류AI센터', '오픈베이스']"
4차산업,['JW중외제약']
고소,['진원생명과학']
재확산,['일양약품']
고려제약등,"['고려제약', '명문제약']"
신재생에너지,['신성이엔지']
관련주-렘데시비르,"['파미셀', '진원생명과학']"
취소,"['일성신약', '신풍제약', '화일약품', '비씨월드제약']"
확정,"['한성기업', '엘비세미콘', '키이스트', '디피씨', '미래에셋대우', '금호산업', '아시아나항공']"
조선업,"['대창솔루션', '한국조선해양', '삼성중공업', '두산중공업']"
괴질,"['고려제약', '명문제약', '조아제약']"
디지털화폐,['케이씨티']
유니슨,['유니슨']
내려,"['신일제약', '미래나노텍', '씨큐브', '바이온', '러셀', '셀트리온제약', '노바렉스', '메디톡스', '코이즈', '에스폴리텍', '유유제약', '나이벡', '세화피앤씨', '풀무원', '넥스트BT', '원익머트리얼즈', '파워로직스', '코스메카코리아', '조광피혁', '일진다이아', '우진플라임', '에코프로비엠', '심텍홀딩스', '디에이치피코리아', '에버다임', '테라셈', '어보브반도체', '엔지켐생명과학', '부스타', '스타플렉스', '윈하이텍', '메타바이오메드', '에코프로', '네패스', '써니전자', '삼익악기', '자화전자', '아이티엠반도체', '바이오톡스텍', '코스모신소재', '제이엘케이', '일진디스플', '엠플러스', '삼화전기', '앤디포스', '케이디켐', '서흥', '서울제약', '대원', '아이에이네트웍스']"
-1%,"['서울제약', '엔에스', '코이즈', '아이티엠반도체', '에코프로비엠', '에스폴리텍', '노바렉스']"
3%,"['신일제약', '셀트리온제약', '디에이치피코리아', '부스타', '엔에스', '삼익악기', '에버다임', '풀무원', '어보브반도체', '엔지켐생명과학', '일진다이아', '아이에이네트웍스']"
수입된다면,"['파미셀', '신풍제약', '진원생명과학']"
5%,"['광림', '앤디포스', '에버다임', '영보화학', '대원', '정산애강', '삼화전기', '서흥', '메타바이오메드', '서울제약', '천보', '옵티팜', '넥스트BT', '조광피혁', '파워로직스', '보성파워텍', '러셀']"
8%,"['영보화학', '네패스', '넥스트BT', '코스메카코리아', '대원', '아난티', '유유제약', '엔지켐생명과학', '심텍홀딩스', '에코프로', '체리부로', '부스타', '셀트리온제약', '바이오톡스텍']"
9%,"['서흥', '옵티팜', '하이텍팜', '나이벡', '에코프로', '미래나노텍', '아난티', '파워로직스', '메타바이오메드', '광림', '노바렉스', '엔에스']"
4%,"['영보화학', '옵티팜', '케이디켐', '네패스', '유유제약', '바이오톡스텍', '나이벡', '에버다임', '심텍', '체리부로', '엠플러스', '하이텍팜', '정산애강', '아난티', '자화전자', '아이티엠반도체']"
2%,"['체리부로', '부스타', '천보', '심텍', '우진플라임', '바이오톡스텍', '노바렉스', '삼화전기']"
0%,['메디톡스']
6%,"['러셀', '넥스트BT', '조광피혁', '심텍', '엠플러스', '제이엘케이', '스타플렉스', '풀무원', '디에이치피코리아', '앤디포스', '체리부로']"
보합,"['셀트리온제약', '하이텍팜', '정산애강', '심텍홀딩스', '코스모신소재', '에버다임', '윈하이텍', '어보브반도체']"
7%,"['우진플라임', '체리부로', '스타플렉스', '메디톡스', '영보화학', '코이즈', '노바렉스', '윈하이텍', '제이엘케이', '써니전자', '서흥', '나이벡', '신일제약']"
폭등,"['옵티팜', '테라셈', '파워로직스', '풀무원', '씨큐브', '에스폴리텍', '아난티', '천보', '일진디스플', '메디톡스', '심텍', '네패스', '우진플라임', '코스모신소재', '엔에스', '세화피앤씨', '스타플렉스', '에코프로비엠', '차바이오텍']"
그린뉴딜,"['유니슨', '비츠로테크', 'LG화학', '삼성SDI', '풍국주정', '세종공업', '에코바이오', '한온시스템', '성창오토텍', '유비쿼스', '인스코비']"
1%,"['광림', '정산애강', '써니전자', '미래나노텍', '조광피혁', '부스타', '앤디포스', '서흥', '엔지켐생명과학', '윈하이텍']"
3대,['SK']
백신개발,"['파미셀', '큐로컴', '한국유니온제약', '코미팜', '지엔코']"
공급원활,"['오공', '모나리자', '웰크론']"
조선ㆍ철강,['삼성중공업']
원격의료,"['삼성전자', '인피니트헬스케어', '솔본', '인성정보', '비트컴퓨터', '나노엔텍', '유비케어', '소프트센', '아이센스', '뷰웍스']"
부정적,['파미셀']
대원전선,['대원전선']
대호에이엘,['대호에이엘']
제룡전기,['제룡전기']
현대로템,['현대로템']
남광토건,['남광토건']
서암기계공업,['서암기계공업']
HDC아이콘트롤스,['HDC아이콘트롤스']
대아티아,['대아티아이']
에코마이스터,['에코마이스터']
도화엔지니어링,['도화엔지니어링']
월드컵,"['팜스토리', '이지홀딩스', '이지바이오']"
결정,"['신일제약', '경동제약', '대원제약']"
옵티시스,['옵티시스']
BLU제조,"['삼진엘앤디', '이라이콤']"
재택근무/스마트워크,"['링네트', '이씨에스', '알서포트', '더존비즈온']"
나온다,['파미셀']
차이,['SK증권']
품절대란,"['웰크론', '유한양행', '케이엠', '파인텍', '휴비스', '모나리자']"
정유,"['GS', 'S-Oil', 'SK이노베이션']"
비대면,"['카카오', '다산네트웍스']"
생산,"['삼성전자', 'SK하이닉스']"
다시보,"['전파기지국', '에넥스']"
양자,['우리넷']
추진,"['이건산업', '세종공업', '아이오케이', '비덴트', '비티원', '옴니텔']"
포스코-동국제강,"['동국제강', '삼성중공업', '포스코', '한국조선해양']"
대북철,['대아티아이']
시사,"['삼일기업공사', '대신정보통신', '세우글로벌', '셀트리온헬스케어', '셀트리온제약', '셀트리온', '써니전자']"
피씨디렉트,"['제이씨현시스템', '네온테크']"
이슈,"['로지시스', '서원', '애경산업', 'HDC현대산업개발', '금호산업', '아시아나항공']"
이낙연 황교안,"['한창제지', '남선알미늄']"
두산솔루스-에스퓨얼셀,['두산퓨얼셀']
캠핑,['라이브플렉스']
구축,"['네온테크', '퍼스텍', '피씨디렉트', '제이씨현시스템', '기산텔레콤']"
qr코드,"['다날', '아이크래프트', '모베이스전자']"
의료,"['케어랩스', '유비케어', '비트컴퓨터', '인피니트헬스케어']"
혈장치료제,"['녹십자', '에스맥', '녹십자랩셀', '레몬']"
노바백스,"['씨젠', '오상자이엘']"
녹십자홀딩스,"['녹십자웰빙', '녹십자홀딩스', '녹십자']"
하이드록시클로로퀸,"['파미셀', '신풍제약', '화일약품', '비씨월드제약']"
산업,['카카오']
전자인증,['한국정보인증']
인수설,"['초록뱀', '디피씨']"
비메모리,"['삼성전자', '원익IPS', '에스앤에스텍']"
라온시큐어,"['드림시큐리티', '아톤', '라온시큐어', '한국전자인증', '이니텍', '한국정보인증']"
소독제,"['한국알콜', 'MH에탄올']"
폐지,"['한국전자인증', '라온시큐어', '카카오', '유비쿼스']"
분유,"['매일유업', '남양유업']"
출마,['남선알미늄']
언급후,"['세종공업', '에코바이오', '한온시스템']"
형성,['파미셀']
협력,"['삼성전자', '삼성SDI']"
클라우드,"['파이오링크', '다우기술', '더존비즈온', '다우데이타', '미래테크놀로지']"
LS,['LS']
9%↑,['코스모신소재']
녹십자,['녹십자']
시티,['옴니시스템']
온라인교육,"['SK증권', '비상교육', '아이스크림에듀', '메가스터디', '메가엠디', 'NE능률', 'YBM넷']"
전자서명,"['드림시큐리티', '한국정보인증', '한국전자인증', '한국정보통신']"
빅데이터,['오픈베이스']
대두,"['유니온머티리얼', '유니온']"
쑤욱,"['유유제약', '심텍', '엠플러스', '네패스', '엔지켐생명과학', '원익머트리얼즈', '케이디켐', '일진다이아', '에코프로비엠', '엔에스', '정산애강', '파워로직스', '러셀', '테라셈', '삼익악기', '부스타', '심텍홀딩스', '대원', '보성파워텍', '디에이치피코리아', '세화피앤씨', '삼화전기', '서흥', '에스폴리텍', '광림', '아난티', '코스모신소재', '윈하이텍', '스타플렉스', '메디톡스', '에코프로', '씨큐브', '어보브반도체', '아이티엠반도체', '하이텍팜', '제이엘케이', '써니전자', '자화전자', '우진플라임', '코스메카코리아', '나이벡', '풀무원', '천보', '코이즈']"
대한항공,"['한진칼', '대한항공', '한국공항']"
전자결제,"['KG모빌리언스', 'KG이니시스', '다날', '인포뱅크', '유안타증권', 'SBI핀테크솔루션즈']"
사과,"['삼성물산', '삼성전자']"
기업공개,['드림씨아이에스']
폐지되,['한국정보인증']
공급하는데,"['씨유메디칼', '멕아이씨에스']"
무인기기,['한국전자금융']
기대감↑,"['한올바이오파마', '진원생명과학', '파미셀', '신풍제약', '엑세스바이오', '셀트리온제약', 'SK증권']"
방사광가속기,"['다원시스', '비츠로테크']"
사태,['에스모']
주목되,"['모비스', '디알젬', '우정바이오', '다원시스', '비츠로테크']"
경제협력,"['빅텍', '에코마이스터', '부산산업', '남광토건', '도화엔지니어링']"
약세,['삼성중공업']
램데시비르,"['파미셀', '진원생명과학', '씨젠', '수젠텍', '바디텍메드']"
주식,"['파미셀', '아모그린텍', '일진머티리얼즈', '삼성SDI', '체시스', '진바이오텍', '씨티씨바이오', '우진비앤지']"
위기,['SK증권']
진료,"['유비케어', '인성정보', '비트컴퓨터']"
영화관,"['삼성중공업', 'CJ']"
전망,"['아이센스', '유비케어', '한국팩키지', '삼륭물산', '뉴프라이드', '윙입푸드', '우리손에프앤지']"
유비케어,"['유비케어', '인성정보', '아이센스']"
건설,"['삼호개발', '성신양회', '남광토건', '보광산업', '고려시멘트']"
진단키트ㆍ치료제,"['JW중외제약', '랩지노믹스', 'EDGC', '수젠텍']"
허용,"['모나리자', '오공', '웰크론', '풍국주정', '한온시스템']"
셀트리온제약,['셀트리온제약']
승인후,"['파미셀', '한올바이오파마', '신풍제약']"
에이프로젠,['에이프로젠제약']
신풍제약,"['파미셀', '일성신약', '신풍제약', '화일약품', '비씨월드제약']"
한국정보인증,"['드림시큐리티', '아톤', '라온시큐어', '한국전자인증', '한국정보인증', '한국정보통신']"
비접촉,"['코리아센터', '카페24', 'KG모빌리언스']"
로봇,"['로보티즈', '로보스타', '휴림로봇', '로보로보']"
오거돈,['대한제강']
엇길란,"['지역난방공사', '한국가스공사']"
스마트워크,['더존비즈온']
삼표시멘트,"['고려시멘트', '삼표시멘트', '한일현대시멘트']"
경협주,"['SK이노베이션', '흥구석유', 'S-Oil']"
관련주‧이노비오,['파미셀']
SK바이오랜드,['SK']
긴급승인,['오상자이엘']
인한,"['우리손에프앤지', '케이엠제약', '케이엠', '오공', '바디텍메드']"
김세연,['동일고무벨트']
시멘트,"['고려시멘트', '삼표시멘트']"
진단키트시약,['씨젠']
미국시장,['키움증권']
국제유,['SK이노베이션']
코젠바이오텍,"['씨젠', '수젠텍', '피씨엘', '바이오니아', '랩지노믹스']"
인공호흡기,"['씨유메디칼', '멕아이씨에스']"
합병,['초록뱀']
모더나-이노비오,['파미셀']
계획,"['파미셀', '풍국주정', '이엠코리아', '오성첨단소재', '뉴프라이드']"
지능형전력망,"['CS', '스맥', '코콤', '한전산업', '옴니시스템']"
카모스타트,"['명문제약', '제일약품']"
두산그룹,"['두산솔루스', '두산퓨얼셀', '두산인프라코어']"
Graphene,"['쎄미시스코', '대유에이피', '크리스탈신소재', '경인양행']"
홈네트워크,['코맥스']
대국민사,"['삼성물산', '삼성전자']"
폭락,"['신한', '우리기술투자', '에이티넘인베스트', 'SCI평가정보']"
당뇨병,['에스피시스템스']
vs,['GH신소재']
다원시스-디알텍,"['비츠로테크', '디알텍', '모비스', '다원시스']"
스쳐간,['남선알미늄']
전문,"['MH에탄올', '깨끗한나라', '케이엠', '창해에탄올', '모나리자']"
소송,"['메디톡스', '비트컴퓨터']"
등극,['국일신동']
빅히트,"['엘비세미콘', '디피씨']"
부광약품‧신풍제약,"['부광약품', '신풍제약']"
순매수+진단키트,['휴마시스']
무역전쟁,"['샘표식품', '샘표']"
예측,"['동일고무벨트', 'KNN', '고려산업']"
카모스타트메실산염,['명문제약']
진출,['SV인베스트먼트']
부광약품,"['부광약품', '화일약품']"
웹젠,"['웹젠', '넷마블']"
떠오르,"['동일고무벨트', 'DRB동일']"
급부상,"['파미셀', '신풍제약']"
원격,"['이씨에스', '링네트']"
임상소식,"['부광약품', '신풍제약', '화일약품', '텔콘RF제약']"
샘표등,"['유니온머티리얼', '노바텍']"
기업인,"['KNN', '고려산업']"
친환경,['삼천리자전거']
임상재개,"['코오롱생명과학', '코오롱티슈진']"
코오롱,['코오롱생명과학']
임상시험,['파미셀']
와파,"['아이즈비전', '머큐리']"
완치,"['일신바이오', '에스맥']"
ETN등,['배럴']
예정,"['코오롱생명과학', '코오롱']"
에코바이오,['에코바이오']
공공와파,"['아이즈비전', '머큐리']"
원유,"['신한', '흥구석유']"
레몬,"['시노펙스', '에스맥', '레몬']"
비대면진료,"['인피니트헬스케어', '비트컴퓨터']"
요청,"['피씨엘', 'EDGC', '씨젠', '수젠텍', '랩지노믹스']"
장기화,"['대성미생물', '우성사료', '제일바이오', '씨티씨바이오', '진바이오텍', '신풍제약']"
연구결과,['우성사료']
강화,"['파미셀', '디엔에이링크']"
종근당,"['종근당홀딩스', '종근당']"
이버멕틴,"['제일바이오', '신풍제약', '이글벳', '우성사료']"
음압병실,['GH신소재']
콘텐츠,"['캐리소프트', '삼성출판사']"
LCD,['한솔테크닉스']
간편식,['삼성전자']
예고,"['손오공', '대성엘텍']"
치료제-진단키트,['코미팜']
마크로젠등,['마크로젠']
한진,"['한진칼', '한진']"
알콜,['풍국주정']
손세정제,"['MH에탄올', '수젠텍', '한국알콜', '씨젠', '창해에탄올', '랩지노믹스', '진원생명과학']"
비상교육,['비상교육']
플랫폼,"['알서포트', '유비케어', '비트컴퓨터', '인성정보', 'SK증권', '케어랩스', '아이티센']"
세정제,"['MH에탄올', '한국알콜', '창해에탄올']"
19,"['진매트릭스', '엔지켐생명과학']"
한진그룹,"['한진칼', '대한항공']"
병실,['우정바이오']
비에이치,['LG이노텍']
진단키트-재택근무,['EDGC']
진단장비,['씨젠']
예방,"['바이넥스', '제넨바이오']"
늘어,"['다날', 'KG모빌리언스']"
검토,['한국유니온제약']
진단키드,"['피씨엘', '미코', 'EDGC', '오상자이엘', '수젠텍', '랩지노믹스', '테라젠이텍스', '엔지켐생명과학', '안트로젠', '한프', '한국테크놀로지']"
돌파,"['큐캐피탈', '바른손', '비덴트']"
양성반응,['제일바이오']
침입,"['오공', '케이엠', '웰크론']"
신약,"['피씨엘', '코미팜']"
폐질환,['멕아이씨에스']
마스크‧음압병실,"['오공', '우정바이오']"
백신‧마스크,"['오공', '파루', '웰크론', '진원생명과학', '케이엠', '일신바이오', '모나리자', '제일바이오']"
통일교,"['일신석재', '일성건설', '용평리조트', '신흥']"
백신‧음압병실,"['진원생명과학', '우정바이오']"
백신ㆍ진단키트,['씨젠']
치료제ㆍ진단키트,['코미팜']
마스크‧백신,"['오공', '진원생명과학', '케이엠']"
진단키트ㆍ의료기기ㆍ백신,['씨젠']
진단ㆍ백신,"['모바일어플라이언스', '에스모']"
진단,['씨젠']
자율주행,"['모바일어플라이언스', '에스모']"
VS,"['한창제지', '두올산업', '인터엠', '세우글로벌']"
의류→마스크→백신,"['레몬', '톱텍']"
김빛내리,"['테라젠이텍스', '바이오니아']"
인공지능,"['백광산업', '가온미디어']"
말라리아,['신풍제약']
아지트로마이신,['국제약품']
펼치자,"['써니전자', '안랩']"
한타바이러스,"['코미팜', '파루']"
요동치,"['한국알콜', '키움증권']"
혈장,['진양제약']
골판지,['대림제지']
백신ㆍ손소독제,['진원생명과학']
택배,"['동방', '한익스프레스', '대림제지', '신대양제지', '아세아제지', 'CJ대한통운', '무림페이퍼']"
식품,['동방']
원전,"['오르비텍', '보성파워텍', '우리기술', '에너토크']"
테슬라,"['SK이노베이션', '계양전기', '삼성SDI', '센트랄모텍', 'LG화학', '아모그린텍', '엠에스오토텍', '영화금속']"
식품ㆍ택배ㆍ금,['CJ씨푸드']
마스크‧손소독제,['MH에탄올']
증가,['MH에탄올']
확진자,"['손오공', '초록뱀', '웰크론', '카스', '오공', '코디엠', '파루']"
LG이노텍,['LG이노텍']
언팩,"['비에이치', 'OCI', '한샘']"
“코로나19,['신풍제약']
보성파워텍,['에너토크']
비상,"['창해에탄올', '한국알콜']"
“기생충,"['바른손이앤에이', '바른손']"
랩지노믹스‧케이엠,"['케이엠', '랩지노믹스']"
코아시아,"['삼성전자', '코아시아']"
키이스트,"['키이스트', '초록뱀', '디피씨']"
바른손,"['CJ', '바른손이앤에이', '바른손']"
도래,['뉴로스']
ENM,['CJ']
온라인,['지어소프트']
바른손앤에,['CJ']
4관왕,"['바른손이앤에이', 'CJ']"
03%↑,['NH투자증권']
`접히니`,"['삼성전자', 'KH바텍', '삼성전기', '비에이치']"
Z플립,"['상보', 'KH바텍', '삼성전기', '파인테크닉스']"
호평,"['파트론', '엠씨넥스']"
기세,"['알에프텍', '삼성전기']"
가능,"['셀트리온헬스케어', '셀트리온제약', '셀트리온']"
모나리자ㆍ웰크론,['모나리자']
에탄올,"['창해에탄올', 'MH에탄올', '한국알콜']"
제작사,['바른손이앤에이']
모나리자,"['모나리자', '오공', '남성']"
수상,['바른손']
확진,"['진매트릭스', '오공', '백광산업', '고려제약', '마니커에프앤지']"
친환경차,"['창해에탄올', 'MH에탄올']"
방역,"['이글벳', '제일바이오', '파루']"
롯데그룹,['롯데지주']
차량,['로스웰']
에탈올,"['창해에탄올', '한국알콜']"
프로젝트,['삼성전자']
IT,"['창해에탄올', '동구바이오제약', 'HRS']"
중국,"['아모레퍼시픽', '신세계', '호텔신라', 'LG생활건강', '대림제지', '대양제지', '키움증권']"
발언,"['셀트리온헬스케어', '셀트리온제약', '셀트리온', '부산산업', '휴림로봇', '로보스타']"
코디엠,['코디엠']
합병설,"['셀트리온헬스케어', '셀트리온제약', '셀트리온']"
신중해야,['CJ']
조짐,"['서린바이오', '넥스트BT', '바이오리더스', '뉴프라이드', '체시스', '하림', '마니커', '팜스토리', '이지바이오', '동우팜투테이블']"
의심환자,['파루']
검진키트,"['피씨엘', '진원생명과학', '바디텍메드']"
IPO,"['레몬', '메드팩토', '라파스']"
라텍스,['코디엠']
발생,"['진원생명과학', '오리엔트바이오', '파루', '서린바이오', '마니커에프앤지', '제일바이오', '우성사료', '선진', '팜스코', '이글벳', '우진비앤지', '코리아에스이', '대성미생물', '마니커', '하림']"
펭수,"['유엔젤', '예스24']"
마스크의료기기,"['웰크론', '국제약품', '케이엠', '케이엠제약', '모나리자']"
거론,['KNN']
호흡기,"['대한뉴팜', '파루']"
확대소식,['풍국주정']
배터리3사까지,['미래에셋대우']
폴더블+5G,['키움증권']
파루,['파루']
호실적,"['센트랄모텍', '아모그린텍']"
가상화폐,"['비덴트', '우리기술투자', 'SCI평가정보', '옴니텔']"
무선이어폰,['삼성전자']
가속,['멕아이씨에스']
서린바이오,"['케이엠제약', '나이벡', '진원생명과학']"
화학,"['SH에너지화학', '대성에너지']"
“부품,['삼성전자']
마스크-백신-의료기구,"['웰크론', '쌍방울', '국제약품', '파루', '오공', '케이엠', '케이엠제약', '모나리자']"
긴급사용제,"['피씨엘', '수젠텍', '씨젠', '랩지노믹스', '바이오니아']"
뜬다,['유안타증권']
이낙연+진영,['국영지앤엠']
일자리,['윌비스']
보건위생,['진매트릭스']
사스,"['고려제약', '파루']"
초긴장속으,['진매트릭스']
중앙에너비스,"['흥구석유', '중앙에너비스']"
위생용품,['모나리자']
수소연료전지차,"['평화홀딩스', '평화산업', '지엠비코리아']"
우려,"['진원생명과학', '한일사료']"
유,"['흥구석유', 'SH에너지화학', '중앙에너비스']"
피격,['흥구석유']
신고,"['파루', '이글벳']"
규제,"['에스앤에스텍', '삼륭물산', '케이피엠테크', '동진쎄미켐', '디이엔티', '삼성전자']"
심화,['흥구석유']
센트랄모텍ㆍLG화학,"['LG화학', '오공']"
데이터3법,"['유니셈', '엔씨소프트', '포스코엠텍']"
마스크ㆍ백신,['파루']
공포,"['오공', '바디텍메드']"
백신ㆍ마스크,['코디엠']
라텍스장갑,['코디엠']
움찔,['한창제지']
방역ㆍ마스크,['진원생명과학']
틈새,['모나리자']
여파,['진매트릭스']
138개,"['극동유화', '흥구석유']"
개미,['안랩']
꿈틀대,"['KC그린홀딩스', 'KC코트렐', '성창오토텍']"
1월,['안랩']
면역력,['SK증권']
이광재,"['강원', '대한과학']"
컴백으,['손오공']
당사,['우리들휴브레인']
한진칼우,['대한항공']
3법,['웹케시']
테마주엔,"['CJ', '바른손']"
방탄,['키이스트']
OLED,"['삼성전자', 'LG전자', '파워넷', '세미콘라이트']"
확전소식,['한진칼']
한진칼,"['한진칼', '대한항공']"
이어폰,['아이티엠반도체']
올해,['삼성증권']
HDC현대산업개발,"['미래에셋대우', 'HDC현대산업개발', '금호산업', '아시아나항공']"
새둥지,"['미래에셋대우', 'HDC현대산업개발', '금호산업', '아시아나항공']"
국회의장,['수산중공업']
텔콘RF제약,"['에스텍파마', '텔콘RF제약']"
주력하겠다,['수산중공업']
인수,['아시아나항공']
흥행,"['아시아나항공', '삼성출판사']"
김진표,['서울제약']
발견,['우성사료']
보조금,"['대상', 'LG화학']"
국무총리,"['주연테크', '서원']"
실패,"['에스텍파마', '텔콘RF제약']"
아시아나항공,"['미래에셋대우', 'HDC현대산업개발', '아시아나항공', 'HDC아이콘트롤스', '아시아나IDT', '에어부산', '금호산업', '신한지주']"
셀트리온,"['셀트리온헬스케어', '셀트리온']"
논란에,['제일바이오']
이을까,['유엔젤']
젬백스,"['젬백스', '젬백스지오']"
구리,"['이구산업', '대창']"
건강,"['한미약품', '제일바이오', '진바이오텍', '수젠텍', '알리코제약']"
관련주+정세균,['SDN']
매각,['아시아나항공']
OTT,"['이에스에이', '스튜디오드래곤']"
미래에셋대우,"['금호산업', '아시아나항공']"
개봉,"['제이콘텐트리', '유엔젤', 'CJ']"
접수,['카카오']
반등,"['현대모비스', '한온시스템']"
금호산업,"['애경산업', '금호산업', 'AK홀딩스', '아시아나항공', 'HDC현대산업개발']"
회복세,['삼성전기']
의약품,"['제일바이오', '알리코제약']"
우리기술투자등,['우리기술투자']
새주인,"['HDC현대산업개발', '아시아나IDT', '아시아나항공']"
2파전,"['HDC현대산업개발', 'AK홀딩스', '아시아나항공']"
철회,"['한국화장품', '한국화장품제조', '토니모리', '코리아나']"
애경산업,"['애경산업', 'HDC현대산업개발', '아시아나항공']"
우정바이오등,"['국제약품', '웰크론', '우정바이오']"
인수합병,"['애경산업', 'HDC현대산업개발', '아시아나항공']"
이튿날,['아시아나항공']
확인,"['루미마이크로', '텔콘RF제약']"
품귀현상,"['제일바이오', '진바이오텍']"
김철민,['제일바이오']
HDC그룹,"['HDC현대산업개발', 'HDC', '아시아나항공']"
아기상어,"['토박스코리아', '삼성출판사']"
항공화물운송,['한진']
코스닥,"['제일바이오', '진바이오텍', '엔지켐생명과학', '알리코제약']"
사용소식,"['오성첨단소재', '뉴프라이드']"
주목해야,"['신세계', '호텔신라']"
씨티젠,['경남제약']
어떻길래,['대상']
아시아나IDT등,['아시아나항공']
급물살,"['HDC아이콘트롤스', '아시아나항공']"
이어갈,['다원시스']
진영,['국영지앤엠']
목표,"['좋은사람들', '푸른기술', '부산산업', '에코마이스터']"
폐기물,['인선이엔티']
의료정보시스템,['이지케어텍']
본입찰,['아시아나항공']
제일바이오,['제일바이오']
페니실린,['국제약품']
불화수소,['SK머티리얼즈']
가구,"['퍼시스', '한샘', '에넥스', '현대리바트']"
그래픽,"['국일제지', '상보']"
헝셩그룹,"['유엔젤', '대원미디어', '헝셩그룹']"
연관설,['상상인']
임명직,"['케이탑리츠', '대한약품', '수산중공업']"
안전한,"['코미팜', '이글벳', '중앙백신', '제일바이오', '전진바이오팜', '진바이오텍', '우진비앤지']"
각종,"['네오크레마', '제노포커스']"
신사업,['삼성증권']
동진쎄미켐,"['아모텍', '삼성전기', '파워로직스', '엠씨넥스', '현대모비스', '파트론', '동진쎄미켐', '후성']"
대세,['유엔젤']
소규모정비,"['대우건설', '자이에스앤디']"
마이크로바이옴,['코오롱생명과학']
5대,"['제이콘텐트리', '나이스정보통신', '초록뱀', 'KC코트렐', '동진쎄미켐', '스튜디오드래곤', '카카오', '오이솔루션', '크린앤사이언스', 'RFHIC', '케이엠더블유', 'NHN한국사이버결제', '유진테크']"
신라젠-에이치엘비,"['신라젠', '에이치엘비']"
개구충제,['제일바이오']
주목하자,"['토박스코리아', '삼성출판사', '오로라']"
수산중공업-알루코,"['알루코', '수산중공업']"
10월,"['토박스코리아', '세경하이테크', '삼성출판사', '비에이치']"
알츠하이머,"['젬백스', '메디프론', '아이큐어', '메디포스트', '차바이오텍', '보령제약', '대웅제약']"
압도적,"['오성첨단소재', '뉴프라이드']"
불매,"['남영비비안', '대한항공', '아시아나항공']"
시행,['하츠']
표명,"['삼보산업', '화천기계']"
스마트스터디,['삼성출판사']
갤폴드,['삼성전자']
이어가며,['삼성출판사']
완구,"['손오공', '오로라']"
삼성출판사,"['토박스코리아', '삼성출판사']"
이녹스첨단소재,['KH바텍']
의심신고,"['하림', '정다운', '마니커']"
결렬,['대신증권']
인테리어,"['한샘', '유안타증권']"
설립,['모바일어플라이언스']
펀드,['상상인인더스트리']
암호화폐,"['비덴트', '우리기술투자', 'SCI평가정보', '옴니텔']"
드라마,"['제이콘텐트리', 'SBS', '스튜디오드래곤', 'CJ']"
삼성전자,['삼성전자']
가금류,"['키움증권', '체리부로', '하림', '마니커', '정다운', '마니커에프앤지']"
테마,"['LIG넥스원', '한화에어로스페이스']"
무슨,['비덴트']
공급,"['나무기술', '삼성전자', '기가레인', '전파기지국', '한양증권']"
마리화,"['오성첨단소재', '뉴프라이드']"
현대차,"['현대건설', '태영건설']"
보도,"['한전기술', '보성파워텍', '후성']"
현대車,['엔씨소프트']
두산퓨얼셀,"['두산솔루스', '두산퓨얼셀']"
남북펄,"['푸른기술', '현대로템', '대아티아이']"
발병,"['체시스', '제일바이오']"
동물의약품,['이글벳']
대체,['에스텍파마']
상상인,"['상상인증권', '상상인인더스트리']"
온다,['삼성전자']
우리기술투자,"['에이티넘인베스트', 'SCI평가정보', '옴니텔']"
연관성,['SK증권']
돼지고기,['팜스토리']
소재,"['유안타증권', '세경하이테크', '이엔에프테크놀로지', '동진쎄미켐', '후성']"
볼까,"['선진', '윙입푸드', '이지바이오', '우리손에프앤지']"
치명적이길래,"['선진', '윙입푸드', '이지바이오', '우리손에프앤지']"
알벤다졸,"['화일약품', '지엘팜텍']"
예찰,['이글벳']
양돈업계,"['이지바이오', '우리손에프앤지']"
뭉칫돈,"['팜스토리', '윙입푸드', '우리손에프앤지']"
농기계,"['유안타증권', '다원시스']"
열병,"['진바이오텍', '코리아에프티', '대성엘텍']"
백신ㆍ닭고기,['이글벳']
폴드,['유안타증권']
원자력,['보성파워텍']
2주차,['정산애강']
판매중지,"['일동제약', '대웅제약']"
대체육,"['하림', '마니커에프앤지']"
증강현실,"['하이비젼시스템', '대덕전자', '나무가', '이수페타시스', '심텍']"
시황변동,['윌비스']
한반,['동국제강']
덴티움,"['덴티움', '디오', '오스템임플란트']"
피눈물,['태경산업']
바닥론,"['이글벳', '제일바이오', '우진비앤지']"
파인텍,['파인텍']
조국-홍정욱-윤석열,['남선알미늄']
매수해,['현대모비스']
심각,"['윙입푸드', '우리손에프앤지']"
발생소식,['이글벳']
뭐길래,['에스텍파마']
인수전,"['HDC현대산업개발', '금호산업', '아시아나항공']"
문제,['윙입푸드']
양돈,['우리손에프앤지']
입시,"['메가엠디', '메가스터디']"
돈육,"['팜스토리', '우리손에프앤지']"
채택,['이엠코리아']
화재,['신영증권']
급등ㆍ돼지열병으,"['팜스토리', '윙입푸드', '우리손에프앤지']"
호텔신라-삼성,['호텔신라']
환자소식,"['남성', '진원생명과학']"
대입,['메가엠디']
참여,['아시아나항공']
에칭가스,['이엔에프테크놀로지']
일본,"['동진쎄미켐', '후성', '램테크놀러지', '삼성전자', 'SK하이닉스']"
개시에,"['아시아나IDT', '아시아나항공']"
韓日,"['삼성전자', 'SK하이닉스']"
음식료품,['크라운제과']
부상,['유니온머티리얼']
AI”,"['가온미디어', 'LG']"
마니커,"['하림', '마니커']"
예상,"['원익IPS', '케이씨텍', '신화인터텍', '이오테크닉스']"
의존,['현대차증권']
수산물,"['CJ씨푸드', '사조대림', '신라에스지', '사조오양', '한성기업', '동원수산']"
“화장품,"['아모레퍼시픽', '클리오', '토니모리', '코스온']"
건강기능식품,['한미약품']
웹툰,"['키다리스튜디오', '대원미디어', '미스터블루', '엔씨소프트', '디앤씨미디어']"
한일단조,"['빅텍', '한일단조']"
4주차,['고려아연']
3D프린터,['하이비젼시스템']
크라운제,"['크라운해태홀딩스', '해태제과식품', '크라운제과']"
속옷,['쌍방울']
ai,"['가온미디어', '휴림로봇', 'LG']"
가정용기기,['위닉스']
출판,['미스터블루']
화이트리스트,['SK머티리얼즈']
상업서비스,['에스원']
日수출규제,['켐트로스']
하림,['하림']
3주차,['정산애강']
첨단소재,['아모그린텍']
하락-탄소산업,"['아진산업', '삼보산업', '와이오엠', 'UCI']"
강세인,"['이노와이어리스', '오이솔루션', 'RFHIC', '에프알텍', '케이엠더블유']"
파기환송,['삼성전자']
등락,['하림']
동성제약-대한전선,['대한광통신']
급등하,"['크리스탈신소재', '국일제지']"
약세장에서,"['원익QnC', '미코', '에스앤에스텍', '하나머티리얼즈']"
모색중,"['아우딘퓨쳐스', '제이준코스메틱', '토니모리']"
이틀째,"['대상', '국일제지']"
비덴트-더블유케,"['두올산업', '두올', '아진산업', '이더블유케이', '비덴트']"
두올-동부제철,"['두올', '두올산업']"
민앤지-아이스크림에듀,"['아이스크림에듀', '민앤지']"
가온미디어,['가온미디어']
엠젠플러스-차바이오텍,"['신라젠', '엠젠플러스', '에이치엘비', '파미셀', '셀트리온', '차바이오텍', '네이처셀']"
SKC솔믹스-솔브레인-램테크놀러지,['램테크놀러지']
에스엔텍-디에이테크놀러지,['에스모']
방침,"['마이크로컨텍솔', '삼성전자', 'SK하이닉스']"
본격화,"['에어부산', '아시아나항공']"
디스플레이장비,['엘엠에스']
에어부산,"['아시아나IDT', '에어부산', '아시아나항공']"
기대↑,"['삼륭물산', '자연과환경']"
수소시장,['현대자동차']
집중투자,"['마이크로컨텍솔', '삼성전자', 'SK하이닉스']"
건축자재,['삼표시멘트']
PCB,['이수페타시스']
